Fecha;Consumo;Temperatura;Humedad;Festivo
15/05/2009;3482;282,5464539;0,78780142;0
15/05/2009 1:00;3173;282,1767537;0,794682245;0
15/05/2009 2:00;2775;282,0708075;0,789286462;0
15/05/2009 3:00;2471;281,5386841;0,792394665;0
15/05/2009 4:00;2146;281,7661612;0,830720241;0
15/05/2009 5:00;2186;281,5653871;0,822515625;0
15/05/2009 6:00;2472;281,1917205;0,789191526;0
15/05/2009 7:00;3194;280,7568357;0,76921006;0
15/05/2009 8:00;3680;279,9530307;0,763519025;0
15/05/2009 9:00;3392;280,7245762;0,768004583;0
15/05/2009 10:00;3437;282,3637124;0,756027831;0
15/05/2009 11:00;3995;284,3029769;0,659604393;0
15/05/2009 12:00;4391;285,6973758;0,592488802;0
15/05/2009 13:00;4065;286,9440176;0,548585911;0
15/05/2009 14:00;3667;288,0227963;0,522076384;0
15/05/2009 15:00;3309;288,9007434;0,556655269;0
15/05/2009 16:00;3404;289,6133397;0,519009218;0
15/05/2009 17:00;3591;290,0795596;0,481650019;0
15/05/2009 18:00;3833;290,3781323;0,460609032;0
15/05/2009 19:00;4058;290,328578;0,455507565;0
15/05/2009 20:00;3754;289,7462123;0,489442286;0
15/05/2009 21:00;3309;288,3543879;0,611474471;0
15/05/2009 22:00;3677;286,3649174;0,760786371;0
15/05/2009 23:00;3859;284,7587349;0,823849689;0
16/05/2009;3219;283,6796718;0,822605769;0
16/05/2009 1:00;2386;282,7933073;0,809442247;0
16/05/2009 2:00;2054;282,1087008;0,802115114;0
16/05/2009 3:00;2141;282,0304308;0,81403428;0
16/05/2009 4:00;1877;281,5296458;0,82686317;0
16/05/2009 5:00;1847;281,2079678;0,83760738;0
16/05/2009 6:00;2175;280,8321437;0,856490441;0
16/05/2009 7:00;2291;280,5998313;0,867695927;0
16/05/2009 8:00;2922;280,7130936;0,850057935;0
16/05/2009 9:00;3374;282,4450325;0,756228178;0
16/05/2009 10:00;3545;284,5384858;0,63441481;0
16/05/2009 11:00;3379;286,8743624;0,57287237;0
16/05/2009 12:00;3157;289,2072682;0,553527578;0
16/05/2009 13:00;3251;291,221501;0,536080656;0
16/05/2009 14:00;3366;292,8550393;0,530879302;0
16/05/2009 15:00;3109;294,2637679;0,54247944;0
16/05/2009 16:00;3146;294,7104909;0,541885664;0
16/05/2009 17:00;3503;294,7704678;0,519141616;0
16/05/2009 18:00;3376;295,5274956;0,492299605;0
16/05/2009 19:00;2905;295,988212;0,489956039;0
16/05/2009 20:00;2917;295,5259522;0,638511294;0
16/05/2009 21:00;3108;293,7390608;0,784080933;0
16/05/2009 22:00;3423;291,7919771;0,793202794;0
16/05/2009 23:00;3473;290,5496678;0,786620352;0
17/05/2009;3367;289,2905068;0,785872138;0
17/05/2009 1:00;3165;288,0513807;0,830400316;0
17/05/2009 2:00;2829;287,1095434;0,890816192;0
17/05/2009 3:00;2397;285,7809999;0,885938665;0
17/05/2009 4:00;1637;285,7511893;0,861752974;0
17/05/2009 5:00;1317;285,2515273;0,881355266;0
17/05/2009 6:00;1979;284,7932986;0,902038268;0
17/05/2009 7:00;2890;284,4633811;0,911561602;0
17/05/2009 8:00;3203;285,0476174;0,916687185;0
17/05/2009 9:00;3338;285,7732099;0,911812094;0
17/05/2009 10:00;3516;287,8255245;0,834325873;0
17/05/2009 11:00;3393;289,969099;0,716017001;0
17/05/2009 12:00;3500;291,5002615;0,619113043;0
17/05/2009 13:00;3529;292,7487008;0,526223501;0
17/05/2009 14:00;3229;293,9507279;0,448144935;0
17/05/2009 15:00;3442;295,0392422;0,38458959;0
17/05/2009 16:00;3863;295,9890491;0,335774799;0
17/05/2009 17:00;4000;296,4199595;0,317820796;0
17/05/2009 18:00;3433;296,2048752;0,328644405;0
17/05/2009 19:00;2527;295,1547918;0,370859135;0
17/05/2009 20:00;2295;292,9255435;0,487242357;0
17/05/2009 21:00;2701;290,0293273;0,616929378;0
17/05/2009 22:00;3044;287,5510525;0,675971845;0
17/05/2009 23:00;2956;285,8616058;0,702654847;0
18/05/2009;2529;284,7017107;0,72252449;0
18/05/2009 1:00;2339;283,8899669;0,733721838;0
18/05/2009 2:00;2679;283,2626867;0,749090203;0
18/05/2009 3:00;2439;282,8648724;0,812200366;0
18/05/2009 4:00;2166;282,5199046;0,858227947;0
18/05/2009 5:00;2061;282,3510178;0,849048549;0
18/05/2009 6:00;2135;282,1664262;0,840092177;0
18/05/2009 7:00;2693;281,9438757;0,834657686;0
18/05/2009 8:00;3356;281,8014272;0,807007244;0
18/05/2009 9:00;3590;282,8445751;0,734976975;0
18/05/2009 10:00;3551;284,2785466;0,644610921;0
18/05/2009 11:00;3885;285,9570179;0,565691565;0
18/05/2009 12:00;4340;287,6283522;0,513725988;0
18/05/2009 13:00;4249;289,2837256;0,476474062;0
18/05/2009 14:00;3277;290,8827269;0,447700603;0
18/05/2009 15:00;2934;292,2794005;0,437125085;0
18/05/2009 16:00;4184;293,3582049;0,43168897;0
18/05/2009 17:00;5031;293,8083529;0,427322978;0
18/05/2009 18:00;4956;293,9818375;0,433066602;0
18/05/2009 19:00;4445;293,8575963;0,447022186;0
18/05/2009 20:00;3276;292,9738542;0,478981057;0
18/05/2009 21:00;2662;291,2336448;0,625484664;0
18/05/2009 22:00;3095;289,0640657;0,76363568;0
18/05/2009 23:00;3466;287,3841753;0,793774809;0
19/05/2009;3452;286,3311024;0,844699529;0
19/05/2009 1:00;3205;285,5478942;0,885345239;0
19/05/2009 2:00;2825;284,871102;0,895449516;0
19/05/2009 3:00;2579;284,6159105;0,902835853;0
19/05/2009 4:00;2355;283,9503342;0,908893956;0
19/05/2009 5:00;2118;283,455028;0,92205425;0
19/05/2009 6:00;2273;282,8516793;0,941936288;0
19/05/2009 7:00;3095;282,3201038;0,959036858;0
19/05/2009 8:00;4229;282,8507264;0,950044492;0
19/05/2009 9:00;4818;284,5920882;0,859601745;0
19/05/2009 10:00;4653;286,7863521;0,754720844;0
19/05/2009 11:00;4735;288,4932982;0,693802962;0
19/05/2009 12:00;4915;290,2299839;0,636062745;0
19/05/2009 13:00;4390;291,9363098;0,580747974;0
19/05/2009 14:00;3641;293,5396962;0,531451693;0
19/05/2009 15:00;3320;294,8283402;0,497663286;0
19/05/2009 16:00;4090;295,7696653;0,479119048;0
19/05/2009 17:00;5111;296,3166927;0,471248103;0
19/05/2009 18:00;5203;296,577176;0,470105757;0
19/05/2009 19:00;4654;296,4561224;0,487109409;0
19/05/2009 20:00;3912;295,588917;0,546409646;0
19/05/2009 21:00;3496;292,9838216;0,675763931;0
19/05/2009 22:00;3546;289,9615282;0,787727506;0
19/05/2009 23:00;3914;288,3058722;0,837238442;0
20/05/2009;3904;287,3437561;0,875408376;0
20/05/2009 1:00;3445;286,7261154;0,895545021;0
20/05/2009 2:00;2997;286,1832359;0,897589179;0
20/05/2009 3:00;2882;286,2187473;0,912641425;0
20/05/2009 4:00;2522;285,0660187;0,940340587;0
20/05/2009 5:00;2589;284,55156;0,956132444;0
20/05/2009 6:00;2746;284,1674302;0,968060189;0
20/05/2009 7:00;2781;283,958889;0,975234013;0
20/05/2009 8:00;3413;284,6791139;0,949493148;0
20/05/2009 9:00;4381;286,6733036;0,883284799;0
20/05/2009 10:00;4561;288,4954854;0,802715205;0
20/05/2009 11:00;4055;290,5244076;0,734069752;0
20/05/2009 12:00;3673;292,5550584;0,672402428;0
20/05/2009 13:00;3861;294,2763546;0,62782869;0
20/05/2009 14:00;4430;295,7361662;0,595025781;0
20/05/2009 15:00;4541;296,9755029;0,570303611;0
20/05/2009 16:00;5073;297,8732833;0,557436359;0
20/05/2009 17:00;4891;298,2500695;0,561410843;0
20/05/2009 18:00;4026;298,1944082;0,577030982;0
20/05/2009 19:00;3812;297,7386472;0,62303854;0
20/05/2009 20:00;4252;296,6515553;0,656226325;0
20/05/2009 21:00;4208;294,925012;0,692660422;0
20/05/2009 22:00;3781;293,2371941;0,743127825;0
20/05/2009 23:00;3263;291,9917262;0,777265965;0
21/05/2009;2456;290,9333058;0,794738411;0
21/05/2009 1:00;2178;289,834135;0,811107887;0
21/05/2009 2:00;2563;288,7610219;0,825393149;0
21/05/2009 3:00;2970;287,9092442;0,821614333;0
21/05/2009 4:00;2987;287,6870395;0,816165231;0
21/05/2009 5:00;2986;287,6382154;0,815195018;0
21/05/2009 6:00;2969;287,5050717;0,826013984;0
21/05/2009 7:00;2788;287,2883348;0,841214277;0
21/05/2009 8:00;2797;285,1456721;0,836899032;0
21/05/2009 9:00;3250;286,1341438;0,827852415;0
21/05/2009 10:00;3923;287,137691;0,797748379;0
21/05/2009 11:00;4166;288,3113015;0,741234125;0
21/05/2009 12:00;4220;289,7562957;0,678293122;0
21/05/2009 13:00;4430;291,885154;0,62630919;0
21/05/2009 14:00;4558;294,4504796;0,589235831;0
21/05/2009 15:00;3768;296,5126501;0,556621804;0
21/05/2009 16:00;3762;297,8041418;0,528684967;0
21/05/2009 17:00;4235;298,688051;0,517037553;0
21/05/2009 18:00;4676;299,2280124;0,521956275;0
21/05/2009 19:00;4876;299,1819882;0,566392432;0
21/05/2009 20:00;4587;298,0622253;0,68495223;0
21/05/2009 21:00;3948;295,2299429;0,782194283;0
21/05/2009 22:00;3422;292,46645;0,806090438;0
21/05/2009 23:00;3173;291,1033121;0,818432962;0
22/05/2009;3037;290,3506752;0,839135776;0
22/05/2009 1:00;2608;289,7872513;0,855009727;0
22/05/2009 2:00;2304;289,1475321;0,864616298;0
22/05/2009 3:00;2847;288,7626979;0,871618434;0
22/05/2009 4:00;3430;287,8900627;0,87909938;0
22/05/2009 5:00;3512;287,1700749;0,893186238;0
22/05/2009 6:00;3144;286,5201585;0,904884209;0
22/05/2009 7:00;2540;286,128325;0,909598816;0
22/05/2009 8:00;2455;285,5962616;0,898992857;0
22/05/2009 9:00;2904;286,3195091;0,876036987;0
22/05/2009 10:00;3416;287,5407692;0,836046662;0
22/05/2009 11:00;3993;289,4563952;0,768051986;0
22/05/2009 12:00;4300;291,5625759;0,710053838;0
22/05/2009 13:00;4233;293,7227541;0,664102514;0
22/05/2009 14:00;4322;295,693398;0,608124902;0
22/05/2009 15:00;3638;296,9440594;0,558246749;0
22/05/2009 16:00;3608;298,0402987;0,524365693;0
22/05/2009 17:00;4388;298,8645232;0,511546053;0
22/05/2009 18:00;4690;298,8981686;0,514929227;0
22/05/2009 19:00;4289;298,0370869;0,542899734;0
22/05/2009 20:00;3592;296,9098829;0,612968901;0
22/05/2009 21:00;3229;295,5629928;0,723426324;0
22/05/2009 22:00;3525;293,8347484;0,804057155;0
22/05/2009 23:00;3907;292,5177438;0,809207606;0
23/05/2009;3617;291,4776025;0,821173523;0
23/05/2009 1:00;2692;290,4211079;0,857328292;0
23/05/2009 2:00;2124;289,5086933;0,86919014;0
23/05/2009 3:00;2114;289,7771288;0,860208535;0
23/05/2009 4:00;2222;288,9156344;0,842970817;0
23/05/2009 5:00;2246;288,8263582;0,837872859;0
23/05/2009 6:00;2490;288,563597;0,843345173;0
23/05/2009 7:00;2574;288,1931029;0,857550687;0
23/05/2009 8:00;3148;288,7169475;0,854558237;0
23/05/2009 9:00;3483;289,5671638;0,772436849;0
23/05/2009 10:00;3469;291,2624511;0,64900035;0
23/05/2009 11:00;3650;293,3132983;0,579810054;0
23/05/2009 12:00;4028;293,6522451;0,565163669;0
23/05/2009 13:00;4028;293,6569515;0,520762997;0
23/05/2009 14:00;3825;294,4775752;0,528673964;0
23/05/2009 15:00;3579;295,5194595;0,540153975;0
23/05/2009 16:00;3430;296,5525058;0,50435976;0
23/05/2009 17:00;3049;296,9476626;0,497354362;0
23/05/2009 18:00;3028;297,0923246;0,503993895;0
23/05/2009 19:00;3254;296,8755642;0,51080309;0
23/05/2009 20:00;3725;296,3391043;0,517347003;0
23/05/2009 21:00;4060;295,097013;0,60761254;0
23/05/2009 22:00;3977;293,175705;0,717107434;0
23/05/2009 23:00;3171;291,7631312;0,722892246;0
24/05/2009;2428;290,9261834;0,737043778;0
24/05/2009 1:00;2339;290,5342953;0,800293183;0
24/05/2009 2:00;2623;290,1114576;0,828307241;0
24/05/2009 3:00;2577;288,5230222;0,813709244;0
24/05/2009 4:00;2515;288,4856482;0,795154834;0
24/05/2009 5:00;2372;288,2931308;0,819636748;0
24/05/2009 6:00;2193;288,0432294;0,84931909;0
24/05/2009 7:00;2361;287,7976326;0,866718466;0
24/05/2009 8:00;2527;286,6851282;0,877161495;0
24/05/2009 9:00;2788;286,9946562;0,829507102;0
24/05/2009 10:00;2919;288,0344056;0,773331244;0
24/05/2009 11:00;2324;289,4773352;0,752334818;0
24/05/2009 12:00;2248;290,4378919;0,760695781;0
24/05/2009 13:00;3200;292,0949361;0,801360986;0
24/05/2009 14:00;3951;294,1251538;0,793520792;0
24/05/2009 15:00;3911;295,3087873;0,749393493;0
24/05/2009 16:00;3296;296,0257878;0,743138956;0
24/05/2009 17:00;2676;296,3591491;0,777825236;0
24/05/2009 18:00;2173;296,4159604;0,813173853;0
24/05/2009 19:00;2406;295,9433915;0,826925602;0
24/05/2009 20:00;3521;295,0520397;0,839219479;0
24/05/2009 21:00;4304;293,3495772;0,900460083;0
24/05/2009 22:00;4139;290,9597062;0,962087825;0
24/05/2009 23:00;3188;289,4738539;0,978788418;0
25/05/2009;2088;289,0128568;0,968149406;0
25/05/2009 1:00;1796;288,8813349;0,951026281;0
25/05/2009 2:00;2290;288,6194752;0,9521897;0
25/05/2009 3:00;2584;286,9821047;0,944197437;0
25/05/2009 4:00;2332;287,4815318;0,925897748;0
25/05/2009 5:00;1929;286,825176;0,912017494;0
25/05/2009 6:00;1889;286,5887293;0,906319092;0
25/05/2009 7:00;2212;286,4375861;0,904083141;0
25/05/2009 8:00;2648;285,4282018;0,900346183;0
25/05/2009 9:00;3599;286,6970107;0,859246153;0
25/05/2009 10:00;4351;288,3337644;0,772456142;0
25/05/2009 11:00;4689;289,8791763;0,680987311;0
25/05/2009 12:00;4056;291,5291183;0,601214645;0
25/05/2009 13:00;3240;293,3192247;0,546255282;0
25/05/2009 14:00;2971;294,3046085;0,517617192;0
25/05/2009 15:00;2842;294,4770635;0,517687952;0
25/05/2009 16:00;3874;295,0640621;0,511106196;0
25/05/2009 17:00;4441;295,5466311;0,489187285;0
25/05/2009 18:00;4168;295,5197568;0,470920916;0
25/05/2009 19:00;3928;294,8346656;0,51559728;0
25/05/2009 20:00;3803;293,836016;0,674060013;0
25/05/2009 21:00;3450;292,5045239;0,802159141;0
25/05/2009 22:00;3387;290,6047883;0,83867445;0
25/05/2009 23:00;3545;288,9988267;0,847236519;0
26/05/2009;3092;287,8768145;0,841012853;0
26/05/2009 1:00;2249;287,0028938;0,843047914;0
26/05/2009 2:00;2310;286,366978;0,85261529;0
26/05/2009 3:00;2798;285,4935274;0,86948533;0
26/05/2009 4:00;2351;285,652259;0,876689747;0
26/05/2009 5:00;2003;285,3746177;0,865599212;0
26/05/2009 6:00;2282;285,1670422;0,862043368;0
26/05/2009 7:00;2566;284,958319;0,865934168;0
26/05/2009 8:00;2552;284,7999203;0,861613768;0
26/05/2009 9:00;2827;284,9728144;0,839956243;0
26/05/2009 10:00;3740;285,6905547;0,781795936;0
26/05/2009 11:00;4666;286,5787364;0,739662496;0
26/05/2009 12:00;4837;287,2113291;0,716706673;0
26/05/2009 13:00;4185;287,9127097;0,702738233;0
26/05/2009 14:00;3510;289,0033104;0,68157423;0
26/05/2009 15:00;3191;289,7536079;0,670959275;0
26/05/2009 16:00;3899;289,6342567;0,686496632;0
26/05/2009 17:00;4357;289,386507;0,700863217;0
26/05/2009 18:00;4234;289,1539738;0,70611567;0
26/05/2009 19:00;3899;288,7520412;0,712926541;0
26/05/2009 20:00;3257;288,0407315;0,728451006;0
26/05/2009 21:00;3282;286,8356887;0,764701074;0
26/05/2009 22:00;3726;285,3811525;0,810435275;0
26/05/2009 23:00;3437;284,2496753;0,837513521;0
27/05/2009;2608;283,4084865;0,848422006;0
27/05/2009 1:00;2369;282,6537894;0,854026222;0
27/05/2009 2:00;2168;282,0094347;0,869312591;0
27/05/2009 3:00;2138;281,8691756;0,869897274;0
27/05/2009 4:00;2113;281,032271;0,868737573;0
27/05/2009 5:00;2307;280,6050831;0,880166503;0
27/05/2009 6:00;2677;280,2222364;0,894604769;0
27/05/2009 7:00;3051;280,1194326;0,897260952;0
27/05/2009 8:00;3480;281,2148041;0,876590021;0
27/05/2009 9:00;3777;282,2176035;0,808861291;0
27/05/2009 10:00;4219;283,646622;0,748143359;0
27/05/2009 11:00;4789;285,3839901;0,679783618;0
27/05/2009 12:00;5052;287,0444991;0,621079648;0
27/05/2009 13:00;4199;288,4455742;0,575604879;0
27/05/2009 14:00;3273;289,8475896;0,535913665;0
27/05/2009 15:00;2987;291,2980324;0,496086048;0
27/05/2009 16:00;3993;292,2764028;0,45909708;0
27/05/2009 17:00;4866;292,5975964;0,474135479;0
27/05/2009 18:00;5116;292,3310858;0,503051279;0
27/05/2009 19:00;4582;291,5601695;0,543551092;0
27/05/2009 20:00;3665;290,4542414;0,59210557;0
27/05/2009 21:00;3214;288,8937517;0,677353061;0
27/05/2009 22:00;3274;287,0126211;0,747664433;0
27/05/2009 23:00;3337;285,3426088;0,794977325;0
28/05/2009;2857;284,2292187;0,816260967;0
28/05/2009 1:00;2096;283,6811416;0,830502503;0
28/05/2009 2:00;1669;283,5199613;0,830199307;0
28/05/2009 3:00;1773;283,6927553;0,837973326;0
28/05/2009 4:00;2060;283,0715083;0,85354029;0
28/05/2009 5:00;2517;282,8157631;0,860745183;0
28/05/2009 6:00;3059;282,67977;0,856434453;0
28/05/2009 7:00;3124;282,7238517;0,841426296;0
28/05/2009 8:00;3024;283,2572492;0,83430076;0
28/05/2009 9:00;2910;284,6558149;0,772995394;0
28/05/2009 10:00;3083;286,6887659;0,693401609;0
28/05/2009 11:00;3733;288,9088936;0,623964094;0
28/05/2009 12:00;4576;290,9254248;0,565038663;0
28/05/2009 13:00;4750;292,951824;0,517286787;0
28/05/2009 14:00;4051;295,0188591;0,483218441;0
28/05/2009 15:00;2975;296,7823468;0,46895023;0
28/05/2009 16:00;3707;298,0789392;0,471916196;0
28/05/2009 17:00;4978;298,7928097;0,487942885;0
28/05/2009 18:00;5128;299,0643702;0,511311676;0
28/05/2009 19:00;4149;298,524591;0,546141235;0
28/05/2009 20:00;3590;296,7050704;0,598467297;0
28/05/2009 21:00;3810;294,2654626;0,663532142;0
28/05/2009 22:00;3830;292,0042305;0,731235149;0
28/05/2009 23:00;3652;290,3245409;0,777278658;0
29/05/2009;2996;289,402321;0,794750556;0
29/05/2009 1:00;2131;288,9140694;0,802345119;0
29/05/2009 2:00;1771;288,5262906;0,808564308;0
29/05/2009 3:00;1810;287,5391237;0,80601986;0
29/05/2009 4:00;2364;287,6055588;0,80582289;0
29/05/2009 5:00;2606;286,8506424;0,832874949;0
29/05/2009 6:00;2684;285,8978142;0,865332456;0
29/05/2009 7:00;2977;285,2084252;0,873310254;0
29/05/2009 8:00;3240;284,3777852;0,853554581;0
29/05/2009 9:00;3578;286,8342525;0,745663894;0
29/05/2009 10:00;4113;289,1724419;0,637274332;0
29/05/2009 11:00;4645;290,9851047;0,594771168;0
29/05/2009 12:00;4944;292,9712972;0,550540546;0
29/05/2009 13:00;4691;294,8259393;0,514844817;0
29/05/2009 14:00;4262;296,5430875;0,479299332;0
29/05/2009 15:00;3992;297,9901831;0,446196298;0
29/05/2009 16:00;4865;298,954458;0,419310837;0
29/05/2009 17:00;5467;299,4423037;0,402155562;0
29/05/2009 18:00;5054;299,6470008;0,396623389;0
29/05/2009 19:00;4365;299,5128665;0,409601113;0
29/05/2009 20:00;4081;298,8462129;0,466483358;0
29/05/2009 21:00;3733;297,0861077;0,619438145;0
29/05/2009 22:00;3297;294,5148832;0,736819797;0
29/05/2009 23:00;3223;292,4922427;0,756738074;0
30/05/2009;3183;291,2326593;0,777277621;0
30/05/2009 1:00;3003;290,2289403;0,791861039;0
30/05/2009 2:00;3006;289,3817784;0,802041397;0
30/05/2009 3:00;3128;288,4302908;0,807452128;0
30/05/2009 4:00;3098;288,158667;0,825409935;0
30/05/2009 5:00;2723;287,4637728;0,859649609;0
30/05/2009 6:00;2570;286,6962317;0,898211098;0
30/05/2009 7:00;3162;286,0445207;0,92586992;0
30/05/2009 8:00;3984;285,7204661;0,907815653;0
30/05/2009 9:00;3822;288,0492915;0,808822309;0
30/05/2009 10:00;3597;290,8546636;0,72215705;0
30/05/2009 11:00;3838;293,0365832;0,682390584;0
30/05/2009 12:00;4226;294,8820774;0,631975272;0
30/05/2009 13:00;4631;296,5265703;0,588571161;0
30/05/2009 14:00;4579;297,8513893;0,544945755;0
30/05/2009 15:00;4042;298,8473743;0,508194081;0
30/05/2009 16:00;3844;299,553674;0,482840745;0
30/05/2009 17:00;4096;299,9032166;0,469333973;0
30/05/2009 18:00;4328;300,039203;0,476204207;0
30/05/2009 19:00;4642;299,8829689;0,529146785;0
30/05/2009 20:00;4542;298,4860849;0,636832839;0
30/05/2009 21:00;3851;295,8893752;0,731612628;0
30/05/2009 22:00;2823;293,7289305;0,763565244;0
30/05/2009 23:00;2791;292,3685828;0,762534501;0
31/05/2009;3308;291,0713752;0,787238976;0
31/05/2009 1:00;3817;290,1488477;0,826326294;0
31/05/2009 2:00;3957;289,5153637;0,852277028;0
31/05/2009 3:00;3624;289,0615441;0,836937583;0
31/05/2009 4:00;2937;288,2301622;0,802694569;0
31/05/2009 5:00;2414;287,7436366;0,792617238;0
31/05/2009 6:00;2362;287,147058;0,795938668;0
31/05/2009 7:00;2499;286,542565;0,806557686;0
31/05/2009 8:00;2705;287,0302409;0,792604052;0
31/05/2009 9:00;3196;288,2311539;0,74336531;0
31/05/2009 10:00;3509;289,9875949;0,675219326;0
31/05/2009 11:00;3101;291,7921613;0,608859716;0
31/05/2009 12:00;2733;293,336083;0,547532594;0
31/05/2009 13:00;3118;294,8336483;0,479898102;0
31/05/2009 14:00;3883;296,233787;0,423811404;0
31/05/2009 15:00;4263;297,3384387;0,387761637;0
31/05/2009 16:00;3683;298,0384201;0,37111764;0
31/05/2009 17:00;2950;298,1769843;0,384164461;0
31/05/2009 18:00;2896;297,8546854;0,42147457;0
31/05/2009 19:00;3470;296,8524396;0,491913609;0
31/05/2009 20:00;3667;295,0337279;0,557126771;0
31/05/2009 21:00;3198;292,8278287;0,632627126;0
31/05/2009 22:00;3122;290,7581942;0,717773648;0
31/05/2009 23:00;2863;289,2943847;0,794526162;0
01/06/2009;2273;288,3151324;0,848778816;0
01/06/2009 1:00;2228;287,5805287;0,882798486;0
01/06/2009 2:00;2226;287,090661;0,896214366;0
01/06/2009 3:00;2181;286,4868846;0,889942707;0
01/06/2009 4:00;2819;286,6361609;0,875907879;0
01/06/2009 5:00;3187;286,4263859;0,866441249;0
01/06/2009 6:00;2839;286,040256;0,869156387;0
01/06/2009 7:00;2563;285,6752715;0,871576121;0
01/06/2009 8:00;2805;286,0856369;0,839516046;0
01/06/2009 9:00;3523;287,5417039;0,779073751;0
01/06/2009 10:00;4358;289,4373819;0,712995125;0
01/06/2009 11:00;4654;291,4254809;0,641889375;0
01/06/2009 12:00;4282;293,1752299;0,573754541;0
01/06/2009 13:00;3598;294,7347644;0,513374019;0
01/06/2009 14:00;3160;296,1431256;0,465402896;0
01/06/2009 15:00;3335;297,2895799;0,433378625;0
01/06/2009 16:00;3930;298,0532407;0,4157065;0
01/06/2009 17:00;3772;298,250409;0,415143193;0
01/06/2009 18:00;3244;297,8443305;0,435297059;0
01/06/2009 19:00;3386;296,720037;0,477580315;0
01/06/2009 20:00;3558;294,9118014;0,538914599;0
01/06/2009 21:00;3784;292,7366352;0,60302779;0
01/06/2009 22:00;3939;290,6056442;0,66876828;0
01/06/2009 23:00;3668;288,9982246;0,729445401;0
02/06/2009;3177;287,9624126;0,78336044;0
02/06/2009 1:00;2930;287,2534118;0,811072787;0
02/06/2009 2:00;2617;286,7395671;0,806447494;0
02/06/2009 3:00;2431;286,2515076;0,795978432;0
02/06/2009 4:00;2566;286,2183056;0,797890611;0
02/06/2009 5:00;2855;286,0754966;0,809652956;0
02/06/2009 6:00;2745;285,9384796;0,816922671;0
02/06/2009 7:00;2827;285,7951175;0,820245469;0
02/06/2009 8:00;3629;286,0037984;0,759668397;0
02/06/2009 9:00;4383;287,3713827;0,756873729;0
02/06/2009 10:00;4536;289,1342648;0,69970926;0
02/06/2009 11:00;4281;291,0707245;0,635556788;0
02/06/2009 12:00;4692;292,8760446;0,57680499;0
02/06/2009 13:00;5112;294,6394062;0,52633436;0
02/06/2009 14:00;4677;296,2762201;0,493454069;0
02/06/2009 15:00;3319;297,4385356;0,479081811;0
02/06/2009 16:00;2655;298,1094797;0,472746972;0
02/06/2009 17:00;2996;298,2762493;0,475410776;0
02/06/2009 18:00;3896;298,0607119;0,496155431;0
02/06/2009 19:00;4555;297,3182238;0,540841051;0
02/06/2009 20:00;4625;295,9338202;0,604471326;0
02/06/2009 21:00;4075;294,1007875;0,681132648;0
02/06/2009 22:00;3658;292,0838082;0,759568377;0
02/06/2009 23:00;3234;290,4751874;0,814569785;0
03/06/2009;2465;289,3098445;0,839530262;0
03/06/2009 1:00;1881;288,5200862;0,838455588;0
03/06/2009 2:00;2095;288,1927023;0,825539216;0
03/06/2009 3:00;2730;287,839529;0,816846429;0
03/06/2009 4:00;3081;287,860076;0,813190545;0
03/06/2009 5:00;3008;287,5738026;0,821360359;0
03/06/2009 6:00;2481;287,2156762;0,833586191;0
03/06/2009 7:00;2185;286,9817476;0,837810867;0
03/06/2009 8:00;2436;287,9209944;0,814608425;0
03/06/2009 9:00;2865;289,5527244;0,751246567;0
03/06/2009 10:00;3287;291,5839551;0,675650158;0
03/06/2009 11:00;4094;293,3738772;0,608105667;0
03/06/2009 12:00;4777;294,8306422;0,547008692;0
03/06/2009 13:00;4950;296,2314492;0,499337336;0
03/06/2009 14:00;4892;297,5932913;0,466951283;0
03/06/2009 15:00;4211;298,6972203;0,438837775;0
03/06/2009 16:00;4014;299,532427;0,412952674;0
03/06/2009 17:00;3737;300,0570337;0,397264709;0
03/06/2009 18:00;3231;300,2370754;0,391393928;0
03/06/2009 19:00;3447;299,666419;0,42610712;0
03/06/2009 20:00;3843;298,1890849;0,483623398;0
03/06/2009 21:00;3875;295,9906038;0,590351654;0
03/06/2009 22:00;4182;293,6772782;0,686395368;0
03/06/2009 23:00;4150;292,0611323;0,759723204;0
04/06/2009;3365;290,7927719;0,825884103;0
04/06/2009 1:00;2725;289,7745487;0,827845589;0
04/06/2009 2:00;2548;289,1482253;0,825895483;0
04/06/2009 3:00;2428;288,5786003;0,839895708;0
04/06/2009 4:00;2569;288,2976914;0,850886689;0
04/06/2009 5:00;3245;288,0249764;0,842550659;0
04/06/2009 6:00;3448;287,481723;0,835712744;0
04/06/2009 7:00;3275;286,8479095;0,833062981;0
04/06/2009 8:00;3324;287,5865739;0,822041623;0
04/06/2009 9:00;3796;288,5066322;0,736564535;0
04/06/2009 10:00;4018;289,6208746;0,604574077;0
04/06/2009 11:00;4420;291,3252559;0,528952483;0
04/06/2009 12:00;4894;293,280866;0,501033194;0
04/06/2009 13:00;4458;295,0564429;0,486335617;0
04/06/2009 14:00;3754;296,5266417;0,464687292;0
04/06/2009 15:00;3217;297,5281973;0,44137596;0
04/06/2009 16:00;4254;297,991954;0,439840063;0
04/06/2009 17:00;5207;297,9580122;0,452833662;0
04/06/2009 18:00;5058;297,4556391;0,490663902;0
04/06/2009 19:00;4030;296,9226414;0,589593618;0
04/06/2009 20:00;2892;295,9591099;0,680124182;0
04/06/2009 21:00;2643;294,5024116;0,743853807;0
04/06/2009 22:00;3826;293,4739283;0,819918585;0
04/06/2009 23:00;4398;292,8096901;0,854709104;0
05/06/2009;3985;292,3184149;0,850268742;0
05/06/2009 1:00;3182;291,8424238;0,813994136;0
05/06/2009 2:00;2908;291,3810527;0,810412048;0
05/06/2009 3:00;2748;290,3811651;0,851835913;0
05/06/2009 4:00;2538;290,6628883;0,870556583;0
05/06/2009 5:00;2387;289,9313793;0,890202154;0
05/06/2009 6:00;2551;288,8453136;0,916642409;0
05/06/2009 7:00;3378;288,0205485;0,923148845;0
05/06/2009 8:00;4488;288,0111409;0,894647616;0
05/06/2009 9:00;5078;289,0249698;0,832826286;0
05/06/2009 10:00;5119;290,2900981;0,757339465;0
05/06/2009 11:00;4981;291,8802667;0,684537734;0
05/06/2009 12:00;4566;293,0884127;0,629432665;0
05/06/2009 13:00;4241;293,163111;0,599926408;0
05/06/2009 14:00;3921;292,5385687;0,556871804;0
05/06/2009 15:00;3341;292,6531599;0,513267504;0
05/06/2009 16:00;4000;294,7269917;0,53254065;0
05/06/2009 17:00;4817;295,9831615;0,588181151;0
05/06/2009 18:00;4878;294,8703945;0,616027393;0
05/06/2009 19:00;4170;293,7585905;0,661155499;0
05/06/2009 20:00;3215;292,5478847;0,747462515;0
05/06/2009 21:00;2727;290,6854299;0,785762647;0
05/06/2009 22:00;3055;288,985452;0,792025;0
05/06/2009 23:00;3433;287,990057;0,809977365;0
06/06/2009;3388;287,4630437;0,804370797;0
06/06/2009 1:00;2965;286,8181675;0,789996673;0
06/06/2009 2:00;2824;286,0961326;0,794896159;0
06/06/2009 3:00;3067;285,7286387;0,838754649;0
06/06/2009 4:00;2825;285,1919633;0,882787503;0
06/06/2009 5:00;2421;284,8422251;0,891630885;0
06/06/2009 6:00;2273;284,5897923;0,894935167;0
06/06/2009 7:00;2462;284,288864;0,901704081;0
06/06/2009 8:00;3069;284,4387214;0,902910558;0
06/06/2009 9:00;3290;284,9065809;0,835155944;0
06/06/2009 10:00;3113;286,5835728;0,717514187;0
06/06/2009 11:00;3264;289,3269995;0,646170394;0
06/06/2009 12:00;4104;291,6311002;0,633954585;0
06/06/2009 13:00;4876;292,9925034;0,576987019;0
06/06/2009 14:00;4643;293,9441267;0,522648727;0
06/06/2009 15:00;3830;294,7532296;0,520929171;0
06/06/2009 16:00;3344;295,3786133;0,485449461;0
06/06/2009 17:00;3302;295,3285573;0,458933442;0
06/06/2009 18:00;3408;294,5514556;0,467322757;0
06/06/2009 19:00;4005;293,568409;0,512157766;0
06/06/2009 20:00;3989;292,619182;0,614167389;0
06/06/2009 21:00;3255;291,4654799;0,736907925;0
06/06/2009 22:00;2515;289,862868;0,832720735;0
06/06/2009 23:00;2334;288,4404198;0,87597323;0
07/06/2009;2950;287,6459735;0,884836775;0
07/06/2009 1:00;3699;286,8293035;0,895059783;0
07/06/2009 2:00;3326;286,0847051;0,897349355;0
07/06/2009 3:00;2288;285,1701063;0,900119031;0
07/06/2009 4:00;2212;285,2279611;0,896656229;0
07/06/2009 5:00;2424;284,9267762;0,878750871;0
07/06/2009 6:00;2423;284,6142443;0,871996633;0
07/06/2009 7:00;2301;284,1933144;0,884047331;0
07/06/2009 8:00;2430;283,8500463;0,868465329;0
07/06/2009 9:00;2894;285,4261863;0,775612931;0
07/06/2009 10:00;3495;287,3133447;0,678050659;0
07/06/2009 11:00;3708;289,1529807;0,609618599;0
07/06/2009 12:00;3439;290,6304393;0,563125047;0
07/06/2009 13:00;3625;291,2036041;0,56455299;0
07/06/2009 14:00;3926;291,319604;0,561583645;0
07/06/2009 15:00;3529;291,9756349;0,533508491;0
07/06/2009 16:00;2811;292,9991402;0,492023402;0
07/06/2009 17:00;2364;293,4054778;0,455856413;0
07/06/2009 18:00;2449;293,4110414;0,435011453;0
07/06/2009 19:00;2800;293,3492866;0,441278975;0
07/06/2009 20:00;2996;292,8505882;0,554373017;0
07/06/2009 21:00;2754;291,7917358;0,680166455;0
07/06/2009 22:00;2539;290,8453546;0,713212123;0
07/06/2009 23:00;2578;290,1488998;0,70715163;0
08/06/2009;2930;289,3772631;0,701003372;0
08/06/2009 1:00;3421;288,7678634;0,726413866;0
08/06/2009 2:00;3274;288,2839608;0,781779069;0
08/06/2009 3:00;2285;288,4834689;0,831956202;0
08/06/2009 4:00;1419;287,7392926;0,853179147;0
08/06/2009 5:00;1402;287,5209399;0,856917702;0
08/06/2009 6:00;2146;287,3464192;0,857692965;0
08/06/2009 7:00;2849;287,1587462;0,859737169;0
08/06/2009 8:00;3818;287,4578509;0,85207213;0
08/06/2009 9:00;4301;287,767671;0,818988715;0
08/06/2009 10:00;3734;288,6214281;0,749203728;0
08/06/2009 11:00;3175;289,8369117;0,687667145;0
08/06/2009 12:00;3233;291,4381879;0,644471388;0
08/06/2009 13:00;3682;293,5207909;0,577140053;0
08/06/2009 14:00;4227;295,268949;0,500407689;0
08/06/2009 15:00;4234;296,1495948;0,463037891;0
08/06/2009 16:00;3941;296,6324928;0,428176549;0
08/06/2009 17:00;3506;296,6023118;0,436625306;0
08/06/2009 18:00;3483;295,8480883;0,456144318;0
08/06/2009 19:00;3374;294,7680192;0,49134806;0
08/06/2009 20:00;3373;293,3879299;0,535068779;0
08/06/2009 21:00;3714;291,7920812;0,596599863;0
08/06/2009 22:00;4326;290,2390868;0,638717138;0
08/06/2009 23:00;4303;288,8811138;0,661218322;0
09/06/2009;2787;287,9082979;0,708946323;1
09/06/2009 1:00;1881;287,196299;0,747752587;1
09/06/2009 2:00;1529;286,5323097;0,767230311;1
09/06/2009 3:00;1273;285,9346904;0,746759457;1
09/06/2009 4:00;913;285,1236581;0,740527793;1
09/06/2009 5:00;1131;284,2967558;0,780774921;1
09/06/2009 6:00;1637;283,4875291;0,817294935;1
09/06/2009 7:00;2207;282,8928433;0,844193844;1
09/06/2009 8:00;2458;283,6341899;0,840773679;1
09/06/2009 9:00;2298;285,1779675;0,723938676;1
09/06/2009 10:00;2306;287,0504414;0,592864101;1
09/06/2009 11:00;3081;289,1909092;0,544717731;1
09/06/2009 12:00;3977;291,1312077;0,508068005;1
09/06/2009 13:00;3995;292,2034036;0,47950644;1
09/06/2009 14:00;3477;292,5091567;0,460611702;1
09/06/2009 15:00;2794;292,4251009;0,460519642;1
09/06/2009 16:00;3054;292,3522936;0,453265876;1
09/06/2009 17:00;3804;292,8704134;0,457839976;1
09/06/2009 18:00;3925;293,3821668;0,502304318;1
09/06/2009 19:00;3226;293,1813569;0,482974956;1
09/06/2009 20:00;2469;292,5004723;0,463694383;1
09/06/2009 21:00;2465;291,4621482;0,624445225;1
09/06/2009 22:00;2904;290,1876492;0,770363539;1
09/06/2009 23:00;2877;289,0758109;0,790568865;1
10/06/2009;3369;288,6383268;0,799102963;0
10/06/2009 1:00;2887;288,7892634;0,798705572;0
10/06/2009 2:00;2800;288,7005517;0,794152248;0
10/06/2009 3:00;3085;287,8530321;0,807311113;0
10/06/2009 4:00;2841;288,0145415;0,815622091;0
10/06/2009 5:00;2455;288,2131104;0,788119424;0
10/06/2009 6:00;2425;288,3675968;0,773082495;0
10/06/2009 7:00;2737;287,8390316;0,801661471;0
10/06/2009 8:00;3230;285,5704633;0,828344724;0
10/06/2009 9:00;3971;286,9270282;0,756654117;0
10/06/2009 10:00;4146;289,4201201;0,641403336;0
10/06/2009 11:00;3832;292,1683204;0,577624743;0
10/06/2009 12:00;3787;294,2836783;0,541565606;0
10/06/2009 13:00;3831;296,0339231;0,543157501;0
10/06/2009 14:00;3792;297,1080705;0,547295075;0
10/06/2009 15:00;3552;298,0937971;0,533350485;0
10/06/2009 16:00;3971;299,1494238;0,533009762;0
10/06/2009 17:00;3673;299,0942807;0,523797974;0
10/06/2009 18:00;3399;298,0277353;0,510659622;0
10/06/2009 19:00;3708;297,1618608;0,527152892;0
10/06/2009 20:00;4516;296,8042644;0,572708901;0
10/06/2009 21:00;4895;295,9884667;0,682373424;0
10/06/2009 22:00;4358;294,7000104;0,778987125;0
10/06/2009 23:00;3971;293,5679455;0,791003678;0
11/06/2009;4259;292,6127425;0,80060432;0
11/06/2009 1:00;3835;291,3986288;0,830408048;0
11/06/2009 2:00;2911;289,9387466;0,868504454;0
11/06/2009 3:00;2286;289,1459876;0,928148818;0
11/06/2009 4:00;2212;287,9597482;0,971494057;0
11/06/2009 5:00;2514;287,3773487;0,977939214;0
11/06/2009 6:00;2613;286,8832212;0,97789495;0
11/06/2009 7:00;2693;286,6188657;0,970927764;0
11/06/2009 8:00;3616;287,1316905;0,943951875;0
11/06/2009 9:00;4439;287,8326042;0,866068719;0
11/06/2009 10:00;4432;289,3004806;0,774094987;0
11/06/2009 11:00;4520;291,231612;0,705834232;0
11/06/2009 12:00;4848;293,1234377;0,649166005;0
11/06/2009 13:00;4572;294,8663698;0,603325545;0
11/06/2009 14:00;4019;296,4374932;0,563859036;0
11/06/2009 15:00;3841;297,6999696;0,530956222;0
11/06/2009 16:00;4899;298,6165422;0,502499082;0
11/06/2009 17:00;5477;299,210072;0,483457908;0
11/06/2009 18:00;5121;299,5640752;0,474137436;0
11/06/2009 19:00;4246;299,4341012;0,485802025;0
11/06/2009 20:00;3501;298,4245536;0,549113223;0
11/06/2009 21:00;3237;296,5227044;0,659261175;0
11/06/2009 22:00;3371;294,2126757;0,766964252;0
11/06/2009 23:00;3770;292,3007387;0,842923437;0
12/06/2009;3673;290,9600546;0,879319146;0
12/06/2009 1:00;3156;289,8990479;0,893792443;0
12/06/2009 2:00;2919;289,0737571;0,90611535;0
12/06/2009 3:00;2786;288,1318429;0,916913781;0
12/06/2009 4:00;3185;287,9214204;0,923952194;0
12/06/2009 5:00;3229;287,5153494;0,923977225;0
12/06/2009 6:00;2925;287,1986879;0,922867885;0
12/06/2009 7:00;3003;287,0187056;0,921430317;0
12/06/2009 8:00;3381;287,1477839;0,902695138;0
12/06/2009 9:00;4086;289,4231922;0,805178403;0
12/06/2009 10:00;4382;291,6443841;0,695616484;0
12/06/2009 11:00;4100;293,517274;0,644306493;0
12/06/2009 12:00;4054;295,3125023;0,607123503;0
12/06/2009 13:00;4695;296,9805028;0,582745955;0
12/06/2009 14:00;5191;298,5833589;0,565731432;0
12/06/2009 15:00;4738;299,8675916;0,552938228;0
12/06/2009 16:00;4312;300,6938903;0,547441379;0
12/06/2009 17:00;4141;301,2034941;0,543680833;0
12/06/2009 18:00;3899;301,4255819;0,539367219;0
12/06/2009 19:00;3994;301,2247995;0,557619621;0
12/06/2009 20:00;4354;300,4941388;0,608340727;0
12/06/2009 21:00;4102;298,9466528;0,696503698;0
12/06/2009 22:00;3667;296,8995759;0,763541272;0
12/06/2009 23:00;3509;295,4628286;0,776648775;0
13/06/2009;3528;294,5490492;0,804530377;0
13/06/2009 1:00;3635;293,6032298;0,83994543;0
13/06/2009 2:00;3416;292,707823;0,862852872;0
13/06/2009 3:00;3030;291,856094;0,893364523;0
13/06/2009 4:00;2993;291,0331009;0,917728747;0
13/06/2009 5:00;2902;290,2416873;0,927165321;0
13/06/2009 6:00;2502;289,6491532;0,928454884;0
13/06/2009 7:00;2076;289,3303454;0,921145208;0
13/06/2009 8:00;2509;288,5389584;0,891435705;0
13/06/2009 9:00;3412;290,8278484;0,830177592;0
13/06/2009 10:00;4303;292,8442258;0,774461567;0
13/06/2009 11:00;4784;294,6105929;0,723383137;0
13/06/2009 12:00;4474;296,5107262;0,670949851;0
13/06/2009 13:00;3613;298,301682;0,6299009;0
13/06/2009 14:00;3068;299,9338753;0,59390348;0
13/06/2009 15:00;3047;301,2616228;0,567489332;0
13/06/2009 16:00;3681;302,3085125;0,546229581;0
13/06/2009 17:00;4167;302,9469933;0,533180784;0
13/06/2009 18:00;4118;303,2016141;0,558232017;0
13/06/2009 19:00;3670;303,0046465;0,621871318;0
13/06/2009 20:00;3180;302,2754216;0,664975521;0
13/06/2009 21:00;3325;300,6776859;0,684797367;0
13/06/2009 22:00;3978;298,3934598;0,736878112;0
13/06/2009 23:00;4097;296,5509467;0,782682179;0
14/06/2009;3269;295,0962022;0,783526045;0
14/06/2009 1:00;2498;293,6605427;0,796863204;0
14/06/2009 2:00;2349;292,4738645;0,824303217;0
14/06/2009 3:00;2290;292,579398;0,865826651;0
14/06/2009 4:00;2597;290,8615541;0,899774311;0
14/06/2009 5:00;2913;290,5964927;0,900982469;0
14/06/2009 6:00;2520;290,4190819;0,902492494;0
14/06/2009 7:00;2493;290,4512653;0,904825122;0
14/06/2009 8:00;2612;291,3335312;0,880729203;0
14/06/2009 9:00;2710;292,277375;0,818894277;0
14/06/2009 10:00;3454;294,416481;0,761940652;0
14/06/2009 11:00;3852;296,2019408;0,71163193;0
14/06/2009 12:00;3817;297,3865222;0,659519731;0
14/06/2009 13:00;3760;298,754585;0,623842354;0
14/06/2009 14:00;3873;300,055007;0,594630463;0
14/06/2009 15:00;3844;301,0408419;0,566188642;0
14/06/2009 16:00;3629;301,9858388;0,547015992;0
14/06/2009 17:00;3542;302,5979245;0,541018446;0
14/06/2009 18:00;3643;302,4659029;0,567613353;0
14/06/2009 19:00;3397;301,6458023;0,627127324;0
14/06/2009 20:00;2722;300,2937114;0,68042185;0
14/06/2009 21:00;2428;298,641539;0,71295758;0
14/06/2009 22:00;2921;296,9238494;0,742555607;0
14/06/2009 23:00;3188;295,2756895;0,77106983;0
15/06/2009;3138;293,846698;0,790222074;0
15/06/2009 1:00;2749;292,8140178;0,806372459;0
15/06/2009 2:00;2488;292,1703064;0,816775238;0
15/06/2009 3:00;2444;291,1165178;0,858799202;0
15/06/2009 4:00;2781;290,8827363;0,914388699;0
15/06/2009 5:00;3571;290,2238886;0,934479028;0
15/06/2009 6:00;3733;290,0065268;0,941719089;0
15/06/2009 7:00;3338;289,8396626;0,947071449;0
15/06/2009 8:00;3443;290,1751006;0,946540822;0
15/06/2009 9:00;3561;290,1225583;0,923706074;0
15/06/2009 10:00;3576;290,7693913;0,836425524;0
15/06/2009 11:00;3971;292,184001;0,726621238;0
15/06/2009 12:00;4084;293,8918911;0,656010367;0
15/06/2009 13:00;3672;295,368678;0,610907059;0
15/06/2009 14:00;3103;296,7519138;0,577187552;0
15/06/2009 15:00;3205;298,2205149;0,54501427;0
15/06/2009 16:00;3957;299,1483671;0,534610856;0
15/06/2009 17:00;4160;299,6424705;0,553222921;0
15/06/2009 18:00;4429;299,8836505;0,581355152;0
15/06/2009 19:00;4507;299,4523465;0,62846793;0
15/06/2009 20:00;3750;297,2519438;0,705356365;0
15/06/2009 21:00;2968;294,5212717;0,7838766;0
15/06/2009 22:00;2575;292,3937367;0,836647017;0
15/06/2009 23:00;2607;290,7532015;0,865987634;0
16/06/2009;3010;289,9177316;0,880200706;0
16/06/2009 1:00;3184;289,3672916;0,887195493;0
16/06/2009 2:00;2897;288,8171556;0,895523852;0
16/06/2009 3:00;2170;288,0178827;0,915611075;0
16/06/2009 4:00;1673;287,7682334;0,935658161;0
16/06/2009 5:00;1652;287,3359294;0,939568663;0
16/06/2009 6:00;2384;286,9636896;0,940110559;0
16/06/2009 7:00;3519;286,6604151;0,943323425;0
16/06/2009 8:00;3941;287,0958245;0,936610377;0
16/06/2009 9:00;3502;288,0028275;0,896768794;0
16/06/2009 10:00;2863;289,4207952;0,842926775;0
16/06/2009 11:00;2792;291,4097373;0,794701121;0
16/06/2009 12:00;3370;293,6194408;0,727042156;0
16/06/2009 13:00;3867;295,4625824;0,655502705;0
16/06/2009 14:00;3870;296,9912553;0,605621581;0
16/06/2009 15:00;3182;297,8447961;0,583166437;0
16/06/2009 16:00;3044;297,4910341;0,589428897;0
16/06/2009 17:00;3274;296,2263713;0,631288989;0
16/06/2009 18:00;3251;295,4002725;0,715563178;0
16/06/2009 19:00;3222;294,6303985;0,818434938;0
16/06/2009 20:00;2807;293,3885557;0,892426311;0
16/06/2009 21:00;2678;292,4791557;0,930769693;0
16/06/2009 22:00;3075;291,7656504;0,967453437;0
16/06/2009 23:00;3629;291,1291092;0,990589321;0
17/06/2009;3655;290,694393;0,990230902;0
17/06/2009 1:00;3056;290,4565342;0,98278456;0
17/06/2009 2:00;2526;290,2470712;0,978199218;0
17/06/2009 3:00;2109;289,8938423;0,969507441;0
17/06/2009 4:00;1934;289,7943544;0,958229531;0
17/06/2009 5:00;2273;289,603243;0,957356659;0
17/06/2009 6:00;2824;289,2559052;0,968668477;0
17/06/2009 7:00;3251;288,876917;0,983527957;0
17/06/2009 8:00;3699;289,9753382;0,957151748;0
17/06/2009 9:00;3991;292,0116332;0,880626802;0
17/06/2009 10:00;3670;294,0163493;0,795768056;0
17/06/2009 11:00;3795;295,7304883;0,729333508;0
17/06/2009 12:00;4760;297,4127789;0,689182627;0
17/06/2009 13:00;5120;298,8929064;0,655086758;0
17/06/2009 14:00;5032;300,04425;0,621380687;0
17/06/2009 15:00;4468;300,8357482;0,592254754;0
17/06/2009 16:00;4801;301,3642929;0,567585881;0
17/06/2009 17:00;4761;301,6536043;0,554255196;0
17/06/2009 18:00;4211;301,8076788;0,545796212;0
17/06/2009 19:00;4068;301,7217895;0,546281165;0
17/06/2009 20:00;4140;301,2623479;0,565912305;0
17/06/2009 21:00;4155;300,1667478;0,69104648;0
17/06/2009 22:00;4045;298,1754504;0,810688817;0
17/06/2009 23:00;3416;296,2674506;0,831566167;0
18/06/2009;2748;294,912831;0,847497291;0
18/06/2009 1:00;2642;293,6429748;0,859147957;0
18/06/2009 2:00;2935;292,5668538;0,868065909;0
18/06/2009 3:00;3049;291,9716888;0,881510108;0
18/06/2009 4:00;2923;291,1091429;0,898113646;0
18/06/2009 5:00;2975;290,4373929;0,913599151;0
18/06/2009 6:00;3281;289,8279534;0,932342408;0
18/06/2009 7:00;3534;289,5210198;0,941503784;0
18/06/2009 8:00;3615;289,9421757;0,919165396;0
18/06/2009 9:00;4258;291,8921606;0,813153936;0
18/06/2009 10:00;4431;293,7742157;0,708345256;0
18/06/2009 11:00;4172;295,4980147;0,668136148;0
18/06/2009 12:00;4921;297,3496641;0,636444876;0
18/06/2009 13:00;6078;299,148081;0,606141102;0
18/06/2009 14:00;6321;300,7979222;0,571224592;0
18/06/2009 15:00;4947;302,1115346;0,534356559;0
18/06/2009 16:00;4088;302,9962624;0,5095382;0
18/06/2009 17:00;4020;303,4488209;0,504107778;0
18/06/2009 18:00;4593;303,6067383;0,507692958;0
18/06/2009 19:00;5051;303,2697837;0,582408816;0
18/06/2009 20:00;4908;302,1621777;0,722043653;0
18/06/2009 21:00;4484;300,3743893;0,797068715;0
18/06/2009 22:00;4079;298,5925621;0,808861064;0
18/06/2009 23:00;3820;297,2186303;0,786400251;0
19/06/2009;3574;296,0409265;0,780732764;0
19/06/2009 1:00;3292;294,9696092;0,835042146;0
19/06/2009 2:00;3529;294,0213955;0,840776792;0
19/06/2009 3:00;3381;293,4374148;0,83151829;0
19/06/2009 4:00;3083;292,2270004;0,859445819;0
19/06/2009 5:00;2995;291,1928162;0,875245298;0
19/06/2009 6:00;2898;290,3369167;0,884127891;0
19/06/2009 7:00;3185;289,6758796;0,887778207;0
19/06/2009 8:00;3709;289,1856435;0,873379601;0
19/06/2009 9:00;4185;290,0621098;0,836029145;0
19/06/2009 10:00;4278;291,063986;0,818696213;0
19/06/2009 11:00;4160;291,7124631;0,783071036;0
19/06/2009 12:00;4689;292,5734215;0,742869891;0
19/06/2009 13:00;4635;294,0056169;0,690402279;0
19/06/2009 14:00;3995;295,5631484;0,639921651;0
19/06/2009 15:00;3210;296,9197971;0,597062363;0
19/06/2009 16:00;3453;297,5651291;0,577052184;0
19/06/2009 17:00;4182;296,7932988;0,624122997;0
19/06/2009 18:00;4592;295,5692987;0,648419092;0
19/06/2009 19:00;4191;295,060854;0,649483947;0
19/06/2009 20:00;3495;294,3139528;0,668982216;0
19/06/2009 21:00;3190;292,6051919;0,734347498;0
19/06/2009 22:00;3821;290,5295622;0,815863743;0
19/06/2009 23:00;4058;288,9372094;0,821785471;0
20/06/2009;3882;287,9868631;0,817944963;0
20/06/2009 1:00;3636;287,3820394;0,829166142;0
20/06/2009 2:00;3372;286,9598951;0,851480372;0
20/06/2009 3:00;2806;285,9570685;0,872970948;0
20/06/2009 4:00;2857;286,250193;0,881664667;0
20/06/2009 5:00;3106;285,8481937;0,881494919;0
20/06/2009 6:00;2686;285,4245304;0,884682913;0
20/06/2009 7:00;2354;285,0935777;0,889505918;0
20/06/2009 8:00;2342;285,5923959;0,878946465;0
20/06/2009 9:00;2749;286,1932268;0,835870629;0
20/06/2009 10:00;3484;287,3314077;0,776373201;0
20/06/2009 11:00;4128;288,9167371;0,708993504;0
20/06/2009 12:00;4737;290,5692836;0,643690293;0
20/06/2009 13:00;4553;292,1689895;0,588241275;0
20/06/2009 14:00;4107;293,5280305;0,549457366;0
20/06/2009 15:00;3967;294,5605509;0,528442836;0
20/06/2009 16:00;3992;295,2150118;0,521311891;0
20/06/2009 17:00;3613;295,246094;0,517100879;0
20/06/2009 18:00;3500;294,9031676;0,506445367;0
20/06/2009 19:00;3660;294,1220667;0,514211004;0
20/06/2009 20:00;3835;292,6338685;0,560945529;0
20/06/2009 21:00;3856;290,6412255;0,637392324;0
20/06/2009 22:00;3956;288,5330803;0,718956863;0
20/06/2009 23:00;3796;286,880572;0,750552171;0
