Class;_RMSenergy_Mean;_Lowenergy_Mean;_Fluctuation_Mean;_Tempo_Mean;_MFCC_Mean_1;_MFCC_Mean_2;_MFCC_Mean_3;_MFCC_Mean_4;_MFCC_Mean_5;_MFCC_Mean_6;_MFCC_Mean_7;_MFCC_Mean_8;_MFCC_Mean_9;_MFCC_Mean_10;_MFCC_Mean_11;_MFCC_Mean_12;_MFCC_Mean_13;_Roughness_Mean;_Roughness_Slope;_Zero-crossingrate_Mean;_AttackTime_Mean;_AttackTime_Slope;_Rolloff_Mean;_Eventdensity_Mean;_Pulseclarity_Mean;_Brightness_Mean;_Spectralcentroid_Mean;_Spectralspread_Mean;_Spectralskewness_Mean;_Spectralkurtosis_Mean;_Spectralflatness_Mean;_EntropyofSpectrum_Mean;_Chromagram_Mean_1;_Chromagram_Mean_2;_Chromagram_Mean_3;_Chromagram_Mean_4;_Chromagram_Mean_5;_Chromagram_Mean_6;_Chromagram_Mean_7;_Chromagram_Mean_8;_Chromagram_Mean_9;_Chromagram_Mean_10;_Chromagram_Mean_11;_Chromagram_Mean_12;_HarmonicChangeDetectionFunction_Mean;_HarmonicChangeDetectionFunction_Std;_HarmonicChangeDetectionFunction_Slope;_HarmonicChangeDetectionFunction_PeriodFreq;_HarmonicChangeDetectionFunction_PeriodAmp;_HarmonicChangeDetectionFunction_PeriodEntropy
relax;0.052;0.591;9.136;130.043;3.997;0.363;0.887;0.078;0.221;0.118;-0.151;-0.131;0.129;0.154;0.274;0.232;0.246;51.542;0.325;403.129;0.028;-0.014;1844.664;1.336;0.082;0.173;1121.368;1970.389;3.621;18.037;0.03;0.806;0.496;0;0.047;0.03;0.314;0.038;0.024;0.951;0.426;1;0.008;0.101;0.316;0.261;0.018;1.035;0.593;0.97
relax;0.125;0.439;6.68;142.24;4.058;0.516;0.785;0.397;0.556;0.799;-0.403;-0.264;-0.057;0.288;0.309;0.049;0.027;336.839;0.366;204.886;0.015;-0.079;1181.067;1.336;0.051;0.117;896.047;1959.622;4.134;21.99;0.025;0.765;0;0.142;0.137;0.076;0.112;0;0.12;0;0.002;1;0;0.984;0.285;0.211;-0.082;3.364;0.702;0.967
relax;0.046;0.639;10.578;188.154;2.775;0.903;0.502;0.329;0.287;0.14;-0.246;0.025;-0.112;-0.422;0.018;0.179;0.138;39.864;0.224;685.474;0.033;-0.278;10778.651;1.336;0.299;0.496;4181.11;4716.084;0.902;2.366;0.091;0.897;0.412;0.245;0.526;0.095;0.519;0.001;0.563;0.282;0.184;0.746;0.016;1;0.413;0.299;0.134;1.682;0.692;0.963
relax;0.135;0.603;10.442;65.991;2.841;1.552;0.612;0.351;0.011;0.143;0.047;0.242;0.018;0.168;0.141;0.245;0.146;353.744;0.215;579.859;0.029;-0.076;6745.549;2.105;0.121;0.319;2492.422;3744.719;1.689;4.78;0.053;0.84;0.307;0.278;0.281;0.208;0.733;0.002;0.276;0.436;0.038;1;0.161;0.757;0.422;0.265;0.042;0.354;0.743;0.968
relax;0.066;0.591;9.769;88.89;3.217;0.228;0.814;0.096;0.434;0.285;0.104;0.013;-0.235;-0.207;-0.276;-0.294;-0.19;46.884;-0.118;430.536;0.04;-0.282;3328.373;1.37;0.208;0.279;1776.484;2842.952;2.739;10.627;0.046;0.83;0.091;0;0.022;0.396;0.011;0;0.135;0.635;0.004;0.404;1;0.001;0.345;0.261;0.089;0.748;0.674;0.957
relax;0.137;0.51;7.664;116.044;2.313;-0.082;0.365;0.033;-0.136;-0.579;-0.138;-0.033;-0.018;0.368;0.117;0.01;-0.02;249.382;0.04;799.914;0.047;-0.05;5092.687;0.936;0.164;0.437;2393.32;3077.051;1.961;6.525;0.052;0.864;0.09;0.009;1;0;0;0.455;0;0.875;0.064;0.391;0.102;0;0.28;0.24;0.355;1.682;0.662;0.958
relax;0.123;0.533;7.483;136.444;4.572;1.171;0.939;0.358;0.024;0.201;0.115;0.032;-0.088;-0.288;-0.012;-0.332;-0.17;336.252;0.272;323.755;0.052;-0.208;887.151;1.303;0.157;0.102;879.009;1848.369;4.684;27.344;0.023;0.744;0.085;0.007;0;0;0.471;0;0.137;0.042;0;1;0;0.143;0.21;0.174;0.193;2.691;0.691;0.966
relax;0.103;0.575;7.006;141.132;3.495;0.553;0.275;0.269;0.257;0.544;-0.002;-0.084;0.009;0.202;-0.101;-0.091;-0.073;293.372;0.345;478.257;0.021;0.089;8089.629;2.071;0.123;0.328;2744.737;3953.714;1.528;3.917;0.055;0.856;0.238;0.929;0.298;0;0.227;0;0.359;0;0.128;1;0.03;0.746;0.366;0.267;-0.061;0.585;0.711;0.965
relax;0.145;0.542;6.846;82.048;4.01;0.55;0.568;0.559;0.218;-0.029;-0.196;-0.187;0.052;-0.177;0.21;-0.025;0.277;737.908;0.38;402.43;0.022;-0.113;1584.352;1.704;0.163;0.157;1030.099;1644.135;3.287;15.264;0.011;0.775;0.563;0;1;0;0;0.159;0;0.532;0;0.15;0.91;0;0.322;0.21;0.031;0.408;0.796;0.97
relax;0.129;0.618;8.668;93.02;2.318;0.744;0.537;-0.116;0.119;0.069;0.147;-0.027;-0.139;0.124;0.009;0.031;0.012;215.057;0.185;826.605;0.037;-0.093;6396.896;1.27;0.223;0.408;2652.137;3525.056;1.6;4.705;0.049;0.876;0.497;0;0.085;0.465;0;0.511;0;1;0.127;0.018;0.385;0;0.388;0.34;0.122;1.682;0.627;0.965
relax;0.142;0.534;6.85;82.256;4.006;0.547;0.579;0.55;0.21;-0.033;-0.197;-0.182;0.048;-0.184;0.218;-0.034;0.296;685.05;0.337;402.879;0.023;-0.063;1596.927;1.671;0.113;0.158;1032.217;1644.429;3.313;15.67;0.013;0.775;0.5;0;1;0;0;0.165;0;0.523;0;0.154;0.924;0;0.319;0.21;0.01;0.408;0.807;0.969
relax;0.08;0.566;8.774;76.84;2.792;0.747;0.263;0.622;0.306;-0.022;-0.444;-0.245;0.202;0.133;0.235;-0.056;0.071;182.241;0.086;874.842;0.021;0.13;8457.06;2.773;0.162;0.389;3163.509;4297.53;1.407;3.691;0.072;0.887;0.496;0.684;0.479;0.173;0.456;0.223;0.619;0.469;1;0.931;0.602;0.825;0.47;0.235;-0.014;1.922;0.812;0.969
relax;0.132;0.557;5.928;103.599;4.165;-0.32;0.521;0.012;0.202;0.015;-0.321;0.089;-0.05;0.205;-0.033;0.211;0.015;388.437;0.236;551.174;0.033;-0.215;2591.849;1.456;0.175;0.235;1567.126;2427.151;2.556;8.902;0.022;0.832;0;0.584;0.282;0;0.196;0.088;1;0.45;0.01;0.028;0.074;0.4;0.375;0.238;-0.068;0.561;0.765;0.969
relax;0.068;0.659;8.58;182.302;2.847;0.211;0.781;0.657;0.008;0.246;-0.297;0.107;0.036;0.267;-0.091;0.187;0.119;61.486;0.169;657.362;0.064;-0.176;8032.263;0.832;0.096;0.454;3089.266;3717.737;1.2;3.208;0.059;0.886;0.002;0.716;0.17;0.031;0.645;0.777;0.941;0.653;0.418;1;0.006;0.266;0.326;0.34;0.133;0.396;0.667;0.953
relax;0.042;0.555;6.203;110.361;2.67;0.024;0.207;0.248;-0.054;0.129;0.105;0.268;-0.204;0.252;0.192;0.259;0.324;39.363;0.005;1022.417;0.043;0.09;7428.135;1.704;0.18;0.485;3095.189;3574.856;1.388;4.063;0.078;0.891;0.37;0.006;0.638;0.124;0.429;0.449;0.035;1;0.06;0.102;0;0.21;0.355;0.256;0.01;0.841;0.643;0.977
relax;0.177;0.583;8.026;64.156;2.205;0.484;0.922;0.269;0.541;0.079;-0.153;-0.008;-0.084;0.191;-0.021;-0.171;-0.011;651.88;-0.074;560.395;0.031;0.018;7897.87;1.671;0.182;0.447;3113.035;4013.457;1.432;3.993;0.067;0.886;0.058;0.001;0.291;0.003;0.245;0.117;0;0;0.108;1;0.002;0.043;0.297;0.192;0.196;0.561;0.741;0.966
relax;0.14;0.522;7.122;157.623;1.902;0.682;0.818;0.314;0.42;0.27;0.298;0.158;0.103;0.028;0.012;0.012;0.053;582.645;-0.013;520.1;0.031;0.171;4284.456;1.504;0.169;0.366;1714.794;2102.109;1.331;3.961;0.008;0.844;0.437;0.013;0.259;0.031;1;0.094;0.009;0.475;0.105;0.742;0.01;0.631;0.364;0.229;-0.162;2.691;0.758;0.967
relax;0.127;0.567;7.115;77.25;2.58;0.397;0.573;0.351;0.22;0.33;0.021;-0.15;-0.187;-0.185;-0.116;-0.07;-0.063;219.118;0.158;1302.348;0.031;0.117;8825.354;1.737;0.139;0.421;3156.306;4117.719;1.299;3.364;0.073;0.886;0.399;0.092;0.528;0.154;0.226;0.235;0.605;0.673;0.312;0.556;0.253;1;0.4;0.222;-0.134;1.922;0.78;0.967
relax;0.074;0.556;6.449;121.659;2.829;0.324;0.498;0.071;0.025;-0.033;-0.083;-0.151;-0.156;0.069;0.167;0.134;0.095;110.173;0.263;611.246;0.055;-0.038;5102.402;1.236;0.089;0.346;2204.432;3218.112;2.053;6.701;0.058;0.853;0.718;0;0.95;0.557;0.003;1;0.002;0.726;0.131;0.537;0.515;0.007;0.344;0.24;-0.072;0.961;0.689;0.966
relax;0.246;0.513;7.155;144.558;2.431;0.366;0.611;0.066;0.166;0.167;0.136;0.079;0.028;-0.058;0.033;0.063;-0.296;1545.974;0.093;1030.661;0.024;-0.175;8378.687;2.937;0.165;0.477;3313.935;4022.794;1.336;3.682;0.063;0.897;0.452;0.117;1;0.877;0.156;0.831;0.33;0.448;0;0.102;0.447;0;0.368;0.201;0.016;0.299;0.747;0.967
relax;0.222;0.556;7.344;68.658;3.213;0.805;0.612;0.598;0.065;0.325;-0.09;0.026;-0.289;-0.13;-0.158;0.054;-0.117;752.047;0.005;472.729;0.021;0.086;7152.535;2.606;0.08;0.321;2486.791;3699.171;1.63;4.445;0.048;0.854;0.544;0.049;0.268;0.193;0.708;0.094;0.818;1;0.206;0.482;0.037;0.809;0.406;0.21;0.064;2.243;0.771;0.969
relax;0.071;0.529;5.49;116.302;1.602;-0.129;0.238;-0.289;-0.027;-0.065;-0.012;-0.042;-0.108;0.084;-0.034;0.004;0.051;180.166;0.09;1829.275;0.028;-0.098;7192.973;3.308;0.265;0.611;3451.465;3309.499;1.219;3.744;0.059;0.915;0.045;0.862;0.079;1;0.466;0.019;0.247;0.069;0.905;0.101;0.503;0.371;0.387;0.201;0.009;1.922;0.807;0.967
relax;0.063;0.652;6.282;72.059;4.829;-0.323;0.844;-0.124;0.549;-0.142;0.238;-0.185;-0.033;-0.153;-0.122;-0.095;0.014;71.955;0.244;432.268;0.028;0.167;1402.581;0.535;0.115;0.137;876.114;1227.796;5.185;44.861;0.015;0.777;0.502;0.015;1;0.004;0.919;0.689;0.033;0.269;0.082;0.47;0;0.745;0.292;0.3;0.015;3.364;0.544;0.968
relax;0.125;0.546;5.938;70.815;1.699;0.753;1.068;-0.09;0.157;-0.092;-0.205;-0.186;-0.114;-0.146;0.149;0.189;0.149;544.329;0.092;1055.419;0.035;0.251;6613.995;1.203;0.227;0.522;3098.839;3578.549;1.506;4.665;0.062;0.893;0.101;0.511;0.393;0.129;0.554;0.177;0.338;0.087;0.262;1;0.1;0.787;0.343;0.229;0.129;0.897;0.754;0.966
relax;0.06;0.542;7.76;130.518;1.973;0.801;0.712;0.453;0.415;0.689;-0.056;-0.012;0.074;0.006;0.212;-0.216;-0.146;116.828;0.151;606.234;0.032;0.014;7472.715;2.305;0.222;0.45;2972.949;3663.418;1.344;3.953;0.078;0.876;0.22;0.083;1;0.165;0.004;0.32;0.075;0.963;0.251;0.327;0.239;0.067;0.365;0.211;-0.12;1.121;0.801;0.969
relax;0.102;0.532;5.944;98.804;4.464;0.357;0.068;-0.674;-0.3;-0.094;0.32;0.532;0.365;-0.022;-0.011;0.145;0.269;233.113;-0.133;453.897;0.031;0.062;1488.188;1.303;0.198;0.148;1272.031;2411.94;3.677;16.912;0.034;0.803;0.798;0.009;0.006;0;0.57;0;0.266;0.446;0.064;1;0.003;0.801;0.289;0.218;-0.054;0.408;0.667;0.966
relax;0.198;0.593;6.184;146.344;4.103;0.347;0.59;0.205;0.162;0.654;-0.187;0.636;-0.074;-0.045;-0.315;0.178;-0.075;654.388;0.363;420.379;0.036;-0.149;3888.909;1.537;0.057;0.234;1801.744;3065.323;2.176;6.751;0.04;0.809;0;0;0.222;0;0.047;0.091;0;0;1;0.777;0.043;0;0.255;0.171;-0.115;2.691;0.736;0.962
relax;0.075;0.487;7.976;101.482;3.494;-0.271;1.39;0.329;0.23;-0.133;-0.14;0.08;0.077;0.078;-0.288;-0.334;-0.145;59.36;0.26;502.683;0.042;0.599;2653.336;0.301;0.242;0.29;1517.817;2344.743;3.126;14.081;0.04;0.815;0;0.961;0;0.84;0.619;0.003;1;0.007;0.569;0;0.004;0.95;0.328;0.271;0.073;0.538;0.622;0.961
relax;0.184;0.589;8.807;103.952;2.284;0.644;0.599;0.007;0.344;0.093;0.325;0.105;0.069;0.036;-0.028;0.256;0.077;800.582;-0.014;585.915;0.019;0.007;7330.731;2.975;0.284;0.379;2630.453;3721.695;1.517;4.188;0.053;0.865;0.792;0.548;0.379;0.353;0.059;0.309;0.271;0.398;1;0.511;0.594;0.337;0.393;0.199;0.084;2.243;0.789;0.968
relax;0.097;0.542;10.02;134.029;3.361;1.153;0.726;-0.087;0.448;0.179;0.183;0.299;-0.07;0.137;0.051;0.228;0.201;138.715;-0.023;503.682;0.03;0.021;3813.08;1.737;0.103;0.231;1710.727;2998.774;2.419;8.345;0.047;0.823;0.915;0.312;0.077;0.075;0.01;0.267;0.151;0.715;1;0.081;0.115;0.545;0.395;0.295;-0.052;1.495;0.689;0.968
relax;0.068;0.613;6.287;176.032;2.718;1.937;0.77;0.323;0.658;-0.128;0.344;-0.001;-0.063;-0.006;-0.177;0.043;0.122;51.382;0.3;379.685;0.046;-0.465;7541.079;0.668;0.118;0.335;2619.739;3795.901;1.537;4.234;0.078;0.83;0.224;0;0;0;0.009;0.009;0;0.112;0.098;1;0.007;0.045;0.221;0.193;0.229;1.682;0.649;0.971
relax;0.127;0.508;9.588;179.476;3.067;0.174;0.157;0.522;0.508;-0.091;0.078;-0.177;-0.112;0.142;0.284;0.24;0.132;373.142;0.387;468.466;0.027;-0.059;4178.787;1.604;0.164;0.283;1847.346;2974.745;2.287;7.699;0.036;0.843;0.542;0.062;0.365;0.025;0.743;0.144;0.243;0.249;0.2;1;0.106;0.403;0.369;0.189;0.061;1.495;0.787;0.966
relax;0.135;0.552;8.34;93.954;3.861;0.538;0.627;0.259;0.033;0.181;0.08;-0.273;-0.302;-0.029;-0.014;-0.081;0.068;186.8;-0.006;338.624;0.042;-0.042;2067.209;2.138;0.252;0.179;1299.51;2582.063;3.215;13.491;0.036;0.797;0.48;0;0.216;0.215;0.4;0;0.393;0.361;0.035;1;0.019;0.631;0.392;0.284;-0.03;2.243;0.689;0.964
relax;0.1;0.548;5.388;164.528;3.062;0.901;0.978;0.469;0.247;0.144;0.19;0.2;0.152;0.09;-0.002;0.045;0.123;233.732;-0.03;252.757;0.025;0.175;2430.771;1.169;0.091;0.185;1378.592;2935.72;2.811;10.324;0.045;0.781;0;1;0.004;0.573;0.222;0;0.138;0.164;0.741;0.001;0.473;0.87;0.285;0.245;0.041;0.673;0.598;0.973
relax;0.12;0.527;7.724;130.318;4.844;0.203;0.907;0.064;0.107;-0.192;0.049;0.077;0.286;0.086;-0.045;0.207;0.072;363.099;0.39;328.334;0.024;0.01;912.764;1.604;0.146;0.103;834.604;2004.344;4.671;26.13;0.021;0.773;0.724;0.087;0.576;0.137;0.387;0.504;0.072;0.481;0.308;0.604;1;0.006;0.342;0.278;0.044;0.641;0.618;0.973
relax;0.155;0.66;6.354;77.051;2.537;-0.063;0.604;0.24;0.367;0.034;0.061;-0.043;-0.004;0.139;0.121;0.067;-0.017;335.184;0.033;413.502;0.056;-0.187;4284.54;1.27;0.084;0.341;2159.237;3528.629;2.465;8.737;0.075;0.849;0.6;0.292;0.042;0.012;0.042;0.046;0.044;1;0.668;0.305;0.109;0.014;0.389;0.243;0.063;2.243;0.754;0.965
relax;0.123;0.515;6.565;168.286;1.946;1.365;0.614;0.438;0.066;0.132;0.079;0.236;0.019;0.166;0.103;0.019;-0.131;430.145;0.358;570.578;0.021;-0.228;7986.232;1.64;0.057;0.48;3260.409;3582.454;0.773;2.172;0.031;0.88;0.038;1;0.517;0;0.007;0.015;0.41;0.419;0.017;0.001;0.041;0.33;0.333;0.232;0.02;0.561;0.711;0.964
relax;0.139;0.532;9.537;80.208;2.548;0.787;0.287;-0.239;-0.142;-0.18;0.068;0.299;0.218;0.246;-0.076;-0.148;-0.024;327.001;0.123;856.26;0.046;-0.309;8316.716;1.203;0.244;0.423;3221.887;4119.758;1.332;3.608;0.072;0.877;0;0.133;0.895;0.055;0.196;0.004;0.158;0.681;0.341;1;0.016;0.315;0.321;0.236;-0.015;0.498;0.632;0.973
relax;0.098;0.529;9.942;96.391;2.626;0.425;-0.029;0.26;0.451;0.232;-0.287;-0.022;-0.213;0.311;0.123;-0.204;0.209;166.456;0.194;551.969;0.027;-0.162;6953.732;2.305;0.091;0.395;2680.456;3399.532;1.473;4.306;0.055;0.881;0.13;0.06;0.785;0.447;0.002;0.144;1;0.41;0.101;0.297;0.125;0.137;0.37;0.206;0.055;1.495;0.757;0.966
relax;0.055;0.662;10.837;69.775;1.97;0.26;0.053;0.537;0.591;0.467;-0.017;-0.054;0.272;-0.007;0.012;-0.176;-0.21;20.982;0.089;937.216;0.027;0.463;7481.127;0.902;0.11;0.541;3479.684;3506.607;1.046;3.185;0.068;0.883;1;0;0.449;0;0.138;0;0;0;0;0.001;0;0.16;0.244;0.269;-0.014;0.408;0.53;0.97
relax;0.06;0.537;6.921;116.1;4.641;0.319;0.702;0.248;0.406;0.052;0.256;0.113;-0.084;-0.013;-0.196;-0.035;0.214;91.262;-0.141;357.44;0.018;-0.006;1100.759;2.639;0.349;0.104;740.637;1235.189;4.884;37.402;0.012;0.758;0;0;0.128;0;0.593;0.17;0;0;0.051;1;0;0.379;0.306;0.243;0.055;2.243;0.703;0.967
relax;0.186;0.564;5.879;101.341;2.16;0.656;0.76;0.27;0.3;-0.113;0.023;0.124;0.097;0.027;0.083;0.089;-0.03;918.3;0.16;750.445;0.023;-0.124;7081.459;3.007;0.191;0.447;2875.718;3643.716;1.474;4.302;0.058;0.885;1;0.048;0.964;0.013;0.634;0.508;0.015;0.54;0.069;0.937;0.429;0.182;0.375;0.206;-0.033;0.841;0.773;0.962
relax;0.129;0.593;6.686;55.319;2.524;0.04;0.119;0.277;0.135;0.219;-0.034;0.213;0.227;-0.123;0.037;0.044;0.129;466.864;0.264;905.879;0.024;0.163;6941.787;1.804;0.096;0.467;2937.66;3468.354;1.516;4.492;0.062;0.889;0;0.457;0.002;0.07;0.617;0;0.178;0;0.029;1;0.024;0.673;0.28;0.229;0.225;3.364;0.652;0.958
relax;0.102;0.534;8.958;93.376;1.893;0.726;0.988;0.238;0.186;-0.093;0.277;-0.114;-0.07;-0.09;0.043;0.038;-0.014;244.724;0.34;853.779;0.051;-0.417;7710.527;1.437;0.225;0.509;3094.661;3417.415;1.039;2.835;0.026;0.893;0.866;0.638;0.086;0.551;0.143;0.28;0.102;0.928;1;0.244;0.577;0.228;0.366;0.235;0.146;0.561;0.737;0.965
relax;0.134;0.553;9.297;76.74;2.344;-0.081;0.322;-0.003;-0.143;-0.234;0.245;-0.05;-0.133;-0.221;-0.238;-0.218;-0.128;336.35;0.015;974.613;0.034;0.075;8084.078;2.339;0.07;0.504;3138.629;3534.981;1.206;3.159;0.025;0.9;0.108;0.751;0.221;0.212;0.141;0.289;0.636;0.116;0.836;1;0.16;0.84;0.388;0.23;0.057;1.682;0.758;0.962
relax;0.083;0.543;6.055;179.056;3.316;-0.212;0.312;-0.401;0.175;0.165;-0.042;-0.194;-0.306;-0.107;0.343;0.163;0.039;154.327;0.426;729.132;0.052;-0.257;3120.506;1.69;0.256;0.297;1716.043;2398.686;2.831;11.927;0.035;0.854;1;0.188;0.423;0.154;0.601;0.091;0.159;0.389;0.253;0.803;0.099;0.735;0.347;0.228;0.173;2.691;0.782;0.957
relax;0.177;0.549;7.448;120.741;3.501;0.07;0.271;-0.038;0.212;-0.041;-0.05;0.221;-0.008;0.244;0.113;0.136;0.119;481.229;0.292;585.154;0.027;0.21;4273.268;1.838;0.074;0.301;1971.488;2890.533;2.073;6.482;0.027;0.86;0.213;0.367;0.661;0.263;0.889;0.114;0.218;0.089;0.427;0.611;0.424;1;0.405;0.267;-0.107;1.922;0.735;0.966
relax;0.085;0.607;8.487;144.257;2.057;0.599;-0.218;-0.526;0.472;0.469;-0.092;0.254;0.038;0.165;-0.132;-0.347;-0.157;186.367;0.15;1021.485;0.122;-0.3;10024.947;1.002;0.075;0.583;4489.63;4246.051;0.735;2.224;0.069;0.921;0.012;0.302;1;0.129;0.202;0.12;0.245;0.286;0.059;0.4;0.265;0.065;0.372;0.293;-0.095;1.922;0.652;0.971
relax;0.124;0.463;6.072;67.702;3.43;-0.659;-0.067;0.122;0.388;0.31;0.362;0.476;0.228;0.019;-0.02;-0.058;-0.131;267.331;-0.096;769.061;0.023;0.305;3118.529;1.37;0.117;0.314;1855.478;2560.883;2.745;10.831;0.038;0.843;1;0.001;0.806;0.915;0.066;0.847;0.003;0.952;0;0.666;0.71;0.058;0.325;0.255;-0.239;0.449;0.698;0.953
relax;0.109;0.575;6.613;188.335;3.106;1.411;0.285;0.308;0.102;-0.322;-0.196;-0.375;-0.286;-0.393;0.046;0.131;0.176;101.672;0.105;678.997;0.063;-0.204;5949.641;1.169;0.119;0.306;2364.284;3499.453;1.878;5.636;0.059;0.853;0.088;0.032;0.591;0.045;1;0.327;0.216;0.084;0.023;0.968;0;0.942;0.31;0.24;0.077;1.922;0.666;0.964
relax;0.158;0.51;6.03;74.154;2.601;-0.06;0.27;0.207;0.368;0.121;0.341;-0.154;0.125;0.022;0.043;0.108;-0.054;331.031;0.067;383.498;0.029;-0.191;2988.258;2.105;0.106;0.267;1433.366;2383.302;2.809;12.152;0.032;0.81;0.142;0.564;0.002;0.084;0.383;0.014;0.014;0.218;1;0.899;0.051;0.055;0.357;0.236;-0.037;0.481;0.764;0.959
relax;0.22;0.584;7.913;90.285;2.069;0.68;0.499;0.227;0.347;0.009;0.041;0.108;0.003;0.016;0.094;0.194;0.038;1038.096;0.135;1331.508;0.027;-0.105;8362.369;2.235;0.373;0.496;3298.332;3670.086;0.961;2.57;0.026;0.898;0.302;0.454;0.258;0.43;0.047;0.344;0.257;0.222;0.722;0.476;1;0.521;0.364;0.173;-0.038;0.897;0.812;0.968
relax;0.136;0.434;5.593;100.959;3.131;-1.088;0.427;-0.051;-0.272;-0.022;-0.162;0.026;0.115;0.135;0.323;0.197;0.108;425.328;0.574;779.534;0.025;-0.236;2688.286;1.771;0.146;0.36;1682.664;2174.101;3.079;14.376;0.028;0.845;0;0.957;0.002;0.736;1;0;0.47;0.005;0.262;0.386;0.009;0.658;0.401;0.281;-0.194;1.223;0.757;0.968
relax;0.136;0.434;5.593;100.959;3.131;-1.088;0.427;-0.051;-0.272;-0.022;-0.162;0.026;0.115;0.135;0.323;0.197;0.108;425.328;0.574;779.534;0.025;-0.236;2688.286;1.771;0.146;0.36;1682.664;2174.101;3.079;14.376;0.028;0.845;0;0.957;0.002;0.736;1;0;0.47;0.005;0.262;0.386;0.009;0.658;0.401;0.281;-0.194;1.223;0.757;0.968
relax;0.077;0.637;9.556;83.788;2.888;-0.216;0.603;-0.018;0.185;0.047;-0.347;0.156;0.279;0.141;0.044;-0.17;0.065;66.71;0.178;558.696;0.082;-0.019;7262.577;0.735;0.119;0.417;2773.107;3577.73;1.69;4.927;0.065;0.875;0;0;0.285;0;0.081;0.164;0.029;0.298;0.053;0.895;1;0.004;0.274;0.247;0.135;2.243;0.645;0.963
relax;0.093;0.543;10.126;182.092;2.581;1.037;0.571;-0.187;0.137;-0.193;0.069;-0.431;-0.083;-0.054;0.122;0.153;0.25;174.574;0.446;721.24;0.055;-0.094;5023.461;1.069;0.106;0.376;2144.055;2524.283;1.395;3.969;0.017;0.856;0.801;0.001;0.653;0;0.98;0.259;0.01;0.04;0.021;1;0;0.421;0.289;0.278;0.125;1.682;0.555;0.964
relax;0.11;0.559;7.238;58.63;2.695;0.234;0.292;0.093;0.229;-0.041;0.005;0.088;0.179;-0.089;-0.179;-0.418;-0.302;247.823;0.318;613.344;0.019;-0.079;4651.403;2.84;0.149;0.36;2087.464;2679.711;1.845;5.765;0.021;0.868;0;0.082;0;0.146;0.4;0.008;0.544;0.003;1;0;0.136;0.263;0.352;0.183;0.029;3.364;0.81;0.964
relax;0.128;0.556;8.56;92.829;2.431;0.757;0.704;-0.127;0.119;-0.292;-0.038;0.028;-0.142;-0.195;0.051;-0.101;-0.058;250.215;0.309;801.096;0.033;-0.139;8494.617;1.871;0.104;0.47;3294.352;3923.729;1.268;3.466;0.068;0.896;0.368;0.924;0.217;0;0.045;0.035;0.671;0.853;0.807;0.628;0.93;1;0.339;0.249;0.132;1.346;0.704;0.963
relax;0.066;0.524;6.382;130.709;3.171;-0.282;-0.065;-0.23;-0.026;0.288;0.477;0.223;-0.093;-0.173;-0.138;-0.124;-0.043;75.209;0.216;802.455;0.03;0.035;3673.346;3.384;0.248;0.319;1918.882;2612.611;2.463;9.229;0.043;0.857;0.116;0.564;0.072;0.051;0.141;0.156;0.484;0.289;1;0.84;0.141;0.073;0.34;0.205;-0.003;2.243;0.765;0.972
relax;0.059;0.585;15.541;103.953;5.161;0.483;0.276;0.262;-0.173;-0.004;-0.097;-0.081;0.18;0.211;0.127;0.044;-0.212;47.839;-0.28;425.225;0.067;0.278;1046.547;0.902;0.331;0.093;827.458;1477.092;4.862;31.899;0.019;0.762;0.002;0.102;1;0.211;0;0;0;0.119;0;0.055;0.016;0;0.268;0.268;0.007;1.035;0.589;0.967
relax;0.059;0.585;15.541;103.953;5.161;0.483;0.276;0.262;-0.173;-0.004;-0.097;-0.081;0.18;0.211;0.127;0.044;-0.212;47.839;-0.28;425.225;0.067;0.278;1046.547;0.902;0.331;0.093;827.458;1477.092;4.862;31.899;0.019;0.762;0.002;0.102;1;0.211;0;0;0;0.119;0;0.055;0.016;0;0.268;0.268;0.007;1.035;0.589;0.967
relax;0.167;0.63;8.212;54.967;2.97;1.294;0.585;0.262;0.133;-0.274;0.138;-0.123;0.031;-0.203;-0.106;-0.132;-0.127;328.878;0.006;404.711;0.03;-0.171;4707.654;2.138;0.316;0.256;1832.474;3103.082;2.098;6.486;0.034;0.824;0.18;0.013;0.654;0.146;0;0.003;0.001;1;0.504;0.619;0.446;0.001;0.391;0.237;-0.058;2.243;0.737;0.969
relax;0.026;0.64;7.711;68.736;4.958;-0.007;0.998;0.58;0.084;0.052;-0.02;-0.098;0.165;0.51;0.097;-0.008;0.536;2.772;0.018;391.616;0.061;0.362;1111.441;0.495;0.011;0.106;812.473;1645.67;5.533;39.669;0.027;0.74;0.32;0.093;0;0.467;0;0;0;0.102;0.002;0;0.002;1;0.212;0.327;0.069;0.561;0.637;0.952
relax;0.169;0.566;6.666;88.031;3.039;0.708;0.432;0.524;0.579;0.012;-0.253;0.013;-0.331;-0.101;-0.262;-0.339;0.106;468.716;-0.045;398.533;0.028;0.158;3930.714;2.138;0.572;0.257;1750.272;2864.863;2.277;7.578;0.029;0.813;0.007;0;0.014;0;0.431;0.005;0.01;0.245;0.774;1;0.02;0.354;0.278;0.197;-0.02;3.364;0.705;0.963
relax;0.244;0.532;6.237;121.142;2.548;-0.51;0.764;-0.043;0.09;-0.29;0.053;0.252;-0.26;0.131;0.213;0.136;-0.286;1084.9;-0.01;766.813;0.024;-0.006;8331.394;2.071;0.12;0.486;3049.19;3750.096;1.443;3.886;0.055;0.888;0.885;0;0.319;0;0.782;0.007;0.765;0.052;0.001;0.23;0.001;1;0.312;0.229;-0.032;0.286;0.629;0.961
relax;0.06;0.55;8.114;153.513;2.996;0.866;0.333;0.166;0.049;-0.143;0.078;0.239;0.101;-0.096;-0.069;0.065;0.032;72.273;0.148;628.296;0.041;-0.238;6841.187;1.771;0.124;0.385;2601.517;3373.908;1.489;4.093;0.051;0.873;1;0.423;0.354;0.021;0.573;0.174;0.557;0.398;0.003;0.036;0.333;0.908;0.309;0.235;0.037;0.748;0.652;0.97
relax;0.138;0.578;6.464;59.927;2.827;0.391;0.187;0.127;0.091;0.012;0.311;0.085;0.262;-0.058;0.043;0.022;-0.059;290.716;0.108;309.935;0.033;-0.279;4994.694;0.668;0.058;0.282;2039.245;3467.688;2.095;6.466;0.053;0.824;0.448;0.011;0.13;0;1;0;0.047;0.102;0.018;0.862;0;0.647;0.269;0.263;-0.039;0.498;0.748;0.964
relax;0.138;0.578;6.464;59.927;2.827;0.391;0.187;0.127;0.091;0.012;0.311;0.085;0.262;-0.058;0.043;0.022;-0.059;290.716;0.108;309.935;0.033;-0.279;4994.694;0.668;0.058;0.282;2039.245;3467.688;2.095;6.466;0.053;0.824;0.448;0.011;0.13;0;1;0;0.047;0.102;0.018;0.862;0;0.647;0.269;0.263;-0.039;0.498;0.748;0.964
relax;0.114;0.558;9.05;165.005;1.823;0.294;0.62;0.134;0.124;-0.257;-0.101;0.085;0.207;0.043;-0.166;0.124;0.168;369.295;0.273;1092.833;0.026;-0.135;6864.508;2.673;0.139;0.585;3215.549;3197.811;1.263;4;0.049;0.911;0.068;0.017;0.452;0.008;0.241;0.004;0.477;0.455;0.264;1;0.242;0.695;0.394;0.21;0.103;1.223;0.792;0.964
relax;0.186;0.559;7.668;115.097;2.5;1.46;0.714;0.061;0.502;0.068;-0.296;-0.142;0.104;-0.417;0.122;-0.142;-0.014;658.714;0.127;640.584;0.024;-0.024;6526.558;2.172;0.181;0.371;2576.772;3512.589;1.583;4.628;0.055;0.868;0.744;0.084;0.514;0.007;0.655;0.043;0.122;0.086;0.001;0.135;0.176;1;0.357;0.209;0.059;2.243;0.76;0.969
relax;0.133;0.486;9.919;112.281;1.898;0.682;0.7;0.675;0.339;0.105;0.077;0.225;0.103;0.018;0.112;0.176;0.011;501.195;0.315;896.754;0.023;-0.233;9418.968;3.207;0.186;0.523;3847.703;4276.091;0.911;2.531;0.061;0.895;0;0.17;0.374;0.008;0.202;0.061;0.01;0.576;0.361;1;0.145;0.009;0.386;0.207;-0.024;1.346;0.781;0.97
relax;0.204;0.494;9.673;165.821;2.285;0.56;0.977;-0.002;0.137;-0.002;0.101;-0.005;-0.066;-0.066;0.022;0.141;0.084;900.87;0.155;712.831;0.024;0.083;9059.696;2.172;0.102;0.516;3517.297;3988.555;1.12;3.034;0.067;0.904;0.468;0.003;0.016;0.011;0.149;0.079;0.03;0.145;0.091;1;0.032;0.67;0.369;0.21;-0.017;2.243;0.742;0.969
relax;0.06;0.512;8.525;135.834;2.419;0.722;0.805;0.563;0.607;0.225;0.16;0.106;-0.057;-0.144;0.002;-0.182;-0.016;93.563;0.072;555.183;0.019;-0.082;8284.143;3.542;0.269;0.405;3008.676;4089.314;1.413;3.733;0.071;0.869;0.138;0.001;0.289;0.001;0.347;0.001;0.39;0.601;0.298;1;0.304;0.501;0.392;0.191;0.006;1.682;0.801;0.97
relax;0.041;0.541;6.149;109.215;2.961;0.9;0.169;0.417;0.178;0.179;0.393;0.079;-0.13;-0.285;-0.148;0.132;0.246;34.631;0.515;640.817;0.039;-0.275;5688.908;2.105;0.135;0.332;2193.327;3039.256;1.766;5.365;0.05;0.854;0.492;0;0.247;0;0.286;0.159;0;0.016;0.066;1;0.046;0.57;0.35;0.254;0.02;0.897;0.691;0.967
relax;0.142;0.545;6.69;133.558;2.352;-0.307;0.326;0.148;0.33;0.199;-0.025;-0.125;-0.006;-0.022;0.102;0.047;0.097;609.163;0.092;1109.467;0.024;0.216;5160.209;3.074;0.136;0.452;2379.31;2709.326;1.607;4.851;0.016;0.882;0.762;0.157;0.856;0.381;0.029;0.303;0.048;0.57;0.136;0.894;1;0.075;0.384;0.212;-0.047;0.792;0.769;0.967
relax;0.152;0.489;6.892;102.213;3.942;0.563;0.5;-0.035;0.448;0.05;0.076;-0.008;-0.15;0.044;0.058;0.021;0.117;668.923;0.251;417.515;0.027;-0.062;1771.022;1.804;0.198;0.172;1096.428;1731.614;3.086;13.792;0.014;0.794;0;0.312;0;0;0.958;0;0.471;0;0.19;1;0.002;0.442;0.346;0.261;0.069;0.345;0.741;0.965
relax;0.081;0.562;7.025;167.535;2.854;1.02;0.868;0.369;0.345;0.072;0.019;0.093;0.104;0.2;0.018;0.085;0.266;120.26;0.073;307.188;0.027;0.249;4547.354;2.138;0.17;0.28;1772.693;2724.269;1.924;5.866;0.034;0.824;1;0;0;0;0.412;0.372;0;0.213;0;0.008;0;0.003;0.307;0.215;-0.073;1.922;0.688;0.972
relax;0.08;0.558;6.424;129.39;3.653;0.138;0.457;-0.629;-0.29;-0.259;-0.089;0.297;0.453;0.346;0.146;0.127;0.079;126.695;0.249;538.266;0.066;-0.273;2359.211;0.368;0.197;0.211;1342.894;2226.682;3.33;15.467;0.032;0.796;0.213;0;0.85;0;0.089;0.361;0;0.254;0;1;0.324;0;0.295;0.246;-0.097;2.243;0.661;0.965
relax;0.077;0.605;9.572;123.1;2.496;-0.45;0.079;0.578;0.379;0.347;0.026;-0.005;0.277;0.182;0.013;0.14;-0.106;95.713;0.296;1064.06;0.037;-0.093;7612.765;1.169;0.185;0.468;3124.771;3796.317;1.502;4.124;0.069;0.894;0.084;0.024;0.686;0.022;0.238;0.394;0.041;0.254;0.257;1;0.129;0.082;0.356;0.258;0.165;1.922;0.666;0.961
relax;0.278;0.568;7.245;125.846;2.532;0.675;0.805;0.262;0.484;0.253;0.136;0.007;0.123;0.157;-0.027;-0.08;-0.069;2164.934;0.279;610.746;0.028;-0.219;8234.032;1.504;0.076;0.423;2956.572;3691.805;1.227;3.265;0.086;0.867;0.003;0.737;0.399;0.003;0.541;0.016;0.703;0.01;0.652;1;0.029;0.236;0.365;0.292;-0.132;2.243;0.682;0.969
relax;0.054;0.531;8.957;167.598;2.505;0.739;0.744;0.176;0.441;0.359;0.282;0.228;0.189;0.214;0.054;0.151;0.069;74.391;-0.075;322.673;0.075;0.063;5305.138;1.437;0.226;0.315;2125.666;3344.06;1.945;5.989;0.064;0.836;0.437;0;0.508;0.133;1;0.051;0.163;0.769;0.4;0.795;0.015;0.453;0.319;0.185;0.071;1.682;0.746;0.971
relax;0.031;0.64;6.341;109.36;1.726;0.468;0.631;0.487;0.514;0.489;0.073;0.197;-0.054;0.203;0.159;0.045;0.196;24.192;0.476;1055.169;0.023;-0.292;8154.334;0.702;0.218;0.516;3426.558;3840.034;1.057;3.018;0.086;0.884;0;0.284;0;0.498;0;0.001;0.721;0.01;0.618;0;0.234;1;0.271;0.249;0.049;0.464;0.654;0.975
relax;0.055;0.676;6.988;144.101;3.204;0.462;1.059;0.257;0.399;0.491;0.385;0.152;0.03;-0.01;-0.144;0.038;0.075;31.84;0.18;459.308;0.068;-0.094;2609.934;0.401;0.04;0.224;1305.642;2266.812;3.018;13.331;0.041;0.795;0.034;0.026;0.025;0;0.011;0.63;0.024;1;0.031;0.389;0.003;0.252;0.259;0.237;0.326;0.792;0.654;0.939
relax;0.084;0.56;8.45;52.81;3.017;0.482;0.686;-0.083;0.368;0.512;-0.01;-0.005;0.012;0.017;0.244;-0.009;0.127;126.163;-0.012;374.273;0.051;0.017;3192.213;0.802;0.09;0.261;1487.222;2297.467;2.656;11.158;0.036;0.838;0.012;0.049;0.225;0.217;1;0.175;0.798;0.218;0.024;0.328;0.347;0.726;0.363;0.23;0.026;0.434;0.736;0.964
relax;0.066;0.555;7.844;101.544;2.889;0.507;0.937;0.279;0.346;0.387;0.044;0.143;-0.22;0.189;-0.053;-0.066;0.213;89.59;-0.017;326.436;0.024;-0.117;3706.192;1.938;0.167;0.298;1767.949;2741.962;2.369;8.731;0.049;0.833;0.566;0;0.61;0.029;0.752;0.326;0.635;0.837;0.011;0.477;0.088;1;0.357;0.217;0.008;1.035;0.767;0.963
relax;0.101;0.526;5.742;98.662;4.46;0.396;0.065;-0.668;-0.277;-0.062;0.343;0.468;0.126;-0.111;0.029;0.188;0.317;225.903;-0.214;469.648;0.036;0.2;1511.236;1.403;0.178;0.151;1304.497;2468.267;3.599;16.253;0.041;0.804;0.532;0.003;0.014;0;0.564;0;0.269;0.295;0.047;1;0.001;0.739;0.28;0.212;-0.091;0.384;0.677;0.962
relax;0.133;0.522;6.745;113.234;2.58;-0.462;0.566;0.165;0.321;0.111;-0.1;-0.131;0.039;-0.131;0.059;-0.011;0.067;406.58;0.291;1012.693;0.023;0.011;3546.691;4.377;0.322;0.416;1897.399;2097.003;2.087;7.947;0.014;0.869;1;0.154;0.199;0.012;0.195;0.533;0.085;0.065;0.003;0.263;0.014;0.366;0.318;0.177;-0.069;0.748;0.733;0.968
relax;0.063;0.662;6.718;87.795;2.121;0.407;0.627;-0.182;0.191;0.01;0.019;0.362;-0.083;-0.074;0.17;0.256;0.095;93.376;0.01;1016.24;0.055;-0.119;8384.491;1.236;0.074;0.551;3496.356;3792.189;1.219;3.504;0.074;0.911;0.089;0.478;0.009;0.304;0.123;0.774;0.962;0.145;0.951;0.84;1;0.138;0.321;0.226;0.093;1.922;0.723;0.957
relax;0.101;0.536;17.573;93.378;1.889;0.725;0.977;0.223;0.196;-0.091;0.276;-0.111;-0.074;-0.083;0.044;0.033;-0.01;239.939;0.348;853.047;0.086;-0.313;7717.992;1.37;0.236;0.512;3110.529;3416.286;1.032;2.826;0.029;0.894;0.843;0.621;0.075;0.538;0.133;0.264;0.099;0.926;1;0.239;0.572;0.222;0.366;0.237;0.144;0.561;0.722;0.967
relax;0.033;0.614;6.758;121.423;3.603;0.392;-0.038;0.482;-0.224;-0.022;-0.076;0.264;0.041;0.269;-0.487;-0.286;-0.62;12.209;0.135;550.321;0.038;0.082;8011.55;0.301;0.36;0.392;3006.718;3655.289;1.233;3.446;0.075;0.844;0.186;0;0.386;0;1;0;0.955;0.58;0;0;0;0.211;0.265;0.244;0.076;0.313;0.548;0.966
relax;0.077;0.639;9.551;83.795;2.879;-0.211;0.603;-0.019;0.183;0.049;-0.345;0.155;0.277;0.137;0.046;-0.171;0.066;67.721;0.162;561.71;0.086;0;7275.531;0.768;0.117;0.418;2778.048;3579.698;1.687;4.918;0.065;0.875;0;0;0.282;0;0.082;0.164;0.03;0.295;0.053;0.892;1;0.004;0.276;0.249;0.127;2.243;0.645;0.964
relax;0.204;0.547;6.579;134.213;3.046;-0.494;0.242;-0.181;0.151;-0.12;-0.04;-0.179;-0.052;-0.005;-0.047;0.251;0.097;818.987;0.084;936.266;0.044;-0.163;3606.139;2.372;0.118;0.375;1949.302;2359.855;2.494;9.937;0.03;0.868;0.011;0.283;0.249;0;0.507;0.186;0.014;0.003;0.003;1;0.142;0.054;0.342;0.21;0.018;0.498;0.725;0.967
relax;0.06;0.549;8.454;159.879;3.081;0.809;0.356;0.178;0.062;-0.147;0.067;0.255;0.083;-0.101;-0.073;0.057;0.013;72.538;0.166;631.464;0.042;-0.248;6408.82;1.719;0.13;0.366;2444.364;3264.925;1.609;4.529;0.049;0.867;1;0.318;0.298;0.018;0.595;0.184;0.576;0.412;0.003;0.034;0.311;0.873;0.313;0.249;0.007;0.374;0.62;0.971
relax;0.135;0.473;10.157;112.205;1.832;0.76;0.691;0.669;0.358;0.101;0.076;0.232;0.11;0.022;0.114;0.184;0.018;518.699;0.285;888.133;0.021;-0.205;9438.188;3.179;0.189;0.532;3924.144;4273.728;0.863;2.451;0.06;0.897;0;0.163;0.364;0.01;0.216;0.089;0.01;0.613;0.387;1;0.141;0.009;0.38;0.206;-0.007;1.346;0.785;0.969
relax;0.079;0.552;6.343;129.334;3.668;0.114;0.463;-0.641;-0.279;-0.258;-0.082;0.3;0.462;0.356;0.158;0.131;0.083;123.462;0.229;530.973;0.07;-0.267;2342.03;0.334;0.201;0.205;1295.111;2139.829;3.451;16.699;0.03;0.794;0.196;0;0.834;0;0.09;0.352;0;0.241;0;1;0.289;0;0.295;0.252;-0.102;3.364;0.667;0.964
relax;0.15;0.567;7.828;52.932;2.611;0.73;0.494;-0.188;0.047;0.142;-0.199;0.153;-0.139;-0.191;-0.262;-0.104;-0.064;440.663;0.217;767.329;0.027;0.061;8965.109;1.671;0.122;0.458;3505.22;4186.878;1.14;3.035;0.074;0.895;0.001;0.264;0.145;0.044;0.358;0.055;0.626;0.268;0.148;0.355;0.138;1;0.302;0.239;0.1;3.364;0.706;0.959
relax;0.183;0.557;8.738;108.364;3.288;0.174;0.213;0.199;0.111;-0.194;-0.029;-0.076;-0.132;-0.139;-0.028;0.015;0.159;733.194;0.238;598.957;0.018;0.048;3149.883;2.907;0.25;0.284;1545.268;2131.618;2.402;8.985;0.02;0.853;0.647;0.088;0.664;0.334;0.048;0.53;0.175;1;0.733;0.251;0.893;0.188;0.397;0.205;-0.027;3.364;0.788;0.967
relax;0.081;0.557;6.363;166.411;2.39;0.496;0.205;0.025;-0.013;-0.023;-0.025;-0.08;0.056;0.094;0.205;0.055;0.049;169.803;0.52;1244.454;0.035;-0.217;8254.24;2.439;0.217;0.5;3448.652;3867.469;1.169;3.193;0.06;0.905;0.355;0.016;0.435;0.06;0.87;0.069;0.341;0.117;0.011;0.226;0.069;1;0.32;0.182;-0.095;0.897;0.771;0.963
relax;0.236;0.549;6.706;106.013;2.806;0.512;0.356;0.036;0.422;0.041;0.165;0.129;0.112;0.088;0.083;0.084;0.193;1009.165;0.344;594.395;0.025;-0.062;4263.574;2.773;0.139;0.321;1833.482;2457.288;1.895;6.124;0.024;0.852;0.185;0.328;0.07;0.468;0.058;0.018;0.245;0.009;0.937;0.728;0.977;1;0.364;0.214;-0.044;2.243;0.757;0.968
relax;0.146;0.505;7.078;151.635;3.461;-0.116;0.252;-0.087;0.567;0.131;0.116;0.121;-0.351;0.142;-0.034;0.065;-0.181;408.91;-0.128;690.736;0.029;0.197;7303.352;1.737;0.191;0.336;2600.422;3789.767;1.789;5.078;0.052;0.863;0;0.813;0.651;0.001;0.822;0;0.4;0.007;0.704;1;0;0.915;0.333;0.217;0.106;1.223;0.677;0.971
happy;0.196;0.53;7.854;135.699;2.444;-0.002;0.259;0.123;0.145;0.054;0.018;0.017;-0.074;-0.026;0.083;-0.119;-0.022;687.145;0.007;1293.989;0.02;-0.156;8751.922;4.009;0.45;0.484;3419.904;4122.71;1.318;3.521;0.082;0.906;1;0.409;0.951;0.281;0.439;0.378;0.156;0.673;0.184;0.807;0.699;0.383;0.339;0.172;-0.212;0.841;0.833;0.965
happy;0.196;0.53;7.854;135.699;2.444;-0.002;0.259;0.123;0.145;0.054;0.018;0.017;-0.074;-0.026;0.083;-0.119;-0.022;687.145;0.007;1293.989;0.02;-0.156;8751.922;4.009;0.45;0.484;3419.904;4122.71;1.318;3.521;0.082;0.906;1;0.409;0.951;0.281;0.439;0.378;0.156;0.673;0.184;0.807;0.699;0.383;0.339;0.172;-0.212;0.841;0.833;0.965
happy;0.115;0.549;8.757;107.555;1.935;-0.288;1.134;0.153;0.119;0.02;0.059;0.127;-0.012;0.121;0.158;0.139;0.058;369.749;0.095;1149.428;0.022;-0.092;4054.404;4.444;0.404;0.496;2099.128;2284.61;1.699;6.169;0.025;0.882;0.42;0.28;0.442;1;0.629;0.883;0.281;0.544;0.538;0.465;0.44;0.614;0.436;0.186;0.06;1.922;0.842;0.966
happy;0.284;0.621;8.827;98.011;1.494;0.45;0.202;0.201;0.251;-0.044;0.014;0.037;-0.006;0.125;0.23;0.107;0.114;1421.176;-0.052;2129.236;0.02;0.136;11508.298;3.809;0.746;0.668;5326.379;4708.171;0.505;1.93;0.176;0.932;0.392;0.129;0.27;0.06;0.203;0.084;0.02;0.132;0.326;1;0.332;0.142;0.31;0.147;0.153;3.364;0.838;0.969
happy;0.133;0.534;7.576;164.25;1.137;-0.152;0.631;-0.361;0.442;-0.086;-0.041;0.291;-0.147;0.029;0.037;-0.03;0.009;767.316;0.05;2149.15;0.029;0.058;5761.33;3.174;0.462;0.67;3166.474;2719.708;1.341;4.852;0.036;0.91;0.603;0.068;0.038;0.129;0.338;1;0.839;0.21;0.186;0.331;0.083;0.875;0.378;0.201;-0.022;1.682;0.812;0.965
happy;0.215;0.573;6.649;130.331;2.316;0.065;0.48;0;0.141;0.068;-0.006;-0.051;0.026;0.137;0.041;0.072;0.031;1041.674;0.236;1197.582;0.031;0.038;6381.083;3.742;0.436;0.47;2760.396;3205.971;1.449;4.127;0.037;0.893;0.633;0.537;0.259;0.496;1;0.786;0.112;0.26;0.365;0.212;0.293;0.233;0.346;0.17;-0.14;1.121;0.824;0.97
happy;0.168;0.604;7.628;192.277;1.894;0.215;0.269;0.089;0.1;0.019;-0.001;0.088;0.135;0.206;0.066;-0.077;-0.004;459.201;0.32;1584.477;0.025;0.049;8340.983;2.005;0.602;0.53;3493.217;3815.17;1.083;3.029;0.082;0.91;0.257;0.061;0.359;0.166;0.458;0.348;0.138;0.319;0.501;1;0.19;0.132;0.378;0.177;-0.04;1.495;0.803;0.972
happy;0.079;0.533;5.374;102.022;1.509;-0.439;0.612;-0.55;0.156;-0.068;0.082;-0.152;-0.001;0.203;0.096;0.031;0.047;371.021;0.041;1958.833;0.023;0.01;4198.028;4.744;0.414;0.575;2361.071;2001.519;1.309;5.334;0.015;0.892;0.7;0.615;1;0.372;0.593;0.259;0.135;0.307;0.334;0.9;0.581;0.467;0.319;0.143;0.11;0.897;0.821;0.967
happy;0.239;0.497;8.529;105.939;1.795;0.411;0.117;-0.137;0.225;-0.356;0.113;0.016;-0.05;0.111;0.023;0.209;0.033;1998.171;0.135;1570.523;0.024;0.078;8089.503;3.809;0.429;0.587;3750.208;3712.744;1.084;3.474;0.138;0.921;1;0.344;0.316;0.617;0.179;0.949;0.071;0.563;0.881;0.348;0.691;0.165;0.339;0.162;-0.044;2.691;0.818;0.969
happy;0.065;0.537;6.709;96.86;1.98;0.156;0.525;-0.075;-0.059;0.079;0.449;0.304;-0.034;-0.095;0.058;-0.193;-0.198;88.295;0.153;1429.326;0.027;0.101;8577.89;4.21;0.353;0.547;3572.647;4008.798;1.232;3.429;0.079;0.913;0.082;0.342;0.198;0.25;0.347;0.117;0.358;0.174;1;0.597;0.36;0.266;0.364;0.17;-0.159;0.792;0.833;0.969
happy;0.077;0.552;7.346;189.398;2.332;0.214;0.324;0.19;0.076;0.083;0.183;0.062;0.029;0.061;0.062;-0.007;-0.002;226.424;0.064;1425.525;0.027;0.027;6821.609;4.533;0.546;0.478;2965.568;3525.748;1.514;4.507;0.062;0.903;0.541;0.741;0.937;0.379;1;0.761;0.345;0.692;0.649;0.996;0.902;0.439;0.333;0.153;-0.002;1.346;0.818;0.971
happy;0.222;0.565;7.911;101.969;2.051;0.069;0.304;0.034;-0.006;-0.01;-0.106;0.136;-0.088;0.019;0.24;0.153;0.154;1276.603;0.236;1271.927;0.031;-0.002;8627.202;3.241;0.479;0.547;3667.552;4141.886;1.298;3.589;0.082;0.914;0.745;0.078;0.506;0.156;0.039;0.12;0.019;0.481;0.353;0.763;1;0.595;0.349;0.163;-0.154;0.897;0.843;0.968
happy;0.132;0.537;6.849;193.967;1.509;0.156;-0.071;0.176;0.379;0.075;0.074;-0.109;0.054;0.142;0.15;-0.041;-0.042;539.472;0.171;2049.163;0.024;-0.165;9331.636;4.21;0.46;0.611;4248.857;4172.776;0.966;2.914;0.091;0.927;0.294;0.124;0.332;0.052;0.695;0.449;0.056;0.353;0.395;1;0.524;0.773;0.332;0.161;-0.053;2.243;0.829;0.967
happy;0.112;0.631;9.247;108.028;1.418;-0.533;0.279;-0.243;0.078;-0.029;-0.036;0.139;0.036;0.136;0.15;0.039;0.012;203.745;-0.044;1552.391;0.03;0.075;6513.962;2.907;0.758;0.58;2969.485;2868.283;1.085;3.156;0.019;0.899;0.329;0.265;0.313;0.129;0.936;0.131;0.057;0.474;0.437;1;0.387;0.379;0.314;0.162;0.175;0.449;0.823;0.963
happy;0.108;0.573;6.77;79.967;2.263;-0.564;0.622;0.073;0.252;0.026;0.009;-0.103;-0.047;-0.034;0.03;0.033;0.058;389.512;0.006;1254.877;0.029;0.095;4223.431;3.809;0.328;0.492;2264.818;2417.838;1.957;7.143;0.027;0.887;0.805;1;0.089;0.016;0.611;0.85;0.523;0.727;0.113;0.21;0.158;0.635;0.384;0.163;-0.033;2.691;0.851;0.97
happy;0.167;0.582;7.888;189.594;2.189;0.42;0.44;0.148;0.54;0.215;-0.003;0.004;0.05;0.128;-0.033;0.116;0.183;781.934;-0.236;1054.986;0.02;-0.188;7602.524;3.775;0.653;0.46;3091.534;3786.926;1.376;3.909;0.062;0.897;0.458;0.268;0.408;0.338;0.135;0.248;0.204;0.761;1;0.58;0.412;0.472;0.339;0.154;-0.07;1.682;0.851;0.965
happy;0.168;0.473;6.334;94.38;2.127;0.42;0.953;0.282;0.286;0.204;-0.407;0.096;-0.213;-0.194;0.039;0.088;0.22;404.469;0.007;1045.911;0.022;0.007;7892.697;5.279;0.128;0.501;3342.102;4038.557;1.382;3.882;0.066;0.899;0.177;0.007;0.432;0.087;0.006;0.006;0.013;0.257;0.106;1;0.502;0.138;0.338;0.167;-0.098;0.961;0.799;0.968
happy;0.151;0.578;7.055;144.526;2.056;-0.1;0.442;-0.121;0.085;-0.271;0.398;0.105;-0.062;-0.067;0.085;0.044;-0.332;395.602;0.062;1198.897;0.023;0.12;7037.614;2.305;0.371;0.509;2998.592;3525.256;1.481;4.318;0.046;0.899;0.255;0.278;0.554;0.122;1;0.351;0.952;0.712;0.287;0.774;0.424;0.72;0.396;0.184;0.082;2.243;0.829;0.967
happy;0.25;0.629;10.962;117.015;2.292;-0.017;-0.082;0.361;-0.065;-0.093;0.128;0.168;-0.144;-0.055;-0.047;-0.113;-0.033;761.875;-0.079;1487.037;0.052;0.189;9992.31;2.406;0.856;0.577;4313.515;4418.882;0.873;2.477;0.096;0.925;0.411;0.179;0.218;0.399;0.357;0.787;0.442;0.778;1;0.386;0.495;0.381;0.396;0.186;-0.104;4.486;0.827;0.967
happy;0.117;0.561;6.039;150.534;1.974;0.514;0.462;0.068;0.181;0.022;-0.089;0.084;-0.066;0.237;0.181;-0.018;-0.04;406.817;0.087;1672.309;0.029;-0.103;7616.067;4.377;0.533;0.526;3348.079;3720.356;1.263;3.652;0.053;0.91;0.628;0.336;0.703;0.548;0.404;0.51;0.284;1;0.779;0.477;0.735;0.518;0.332;0.143;-0.051;0.961;0.831;0.968
happy;0.108;0.48;5.592;147.388;1.756;-1.048;1.026;-0.697;0.161;0.133;-0.069;-0.015;0.341;-0.041;0.131;0.059;0.111;634.23;0;1870.668;0.019;0.163;3379.409;4.611;0.341;0.598;2063.71;1477.97;0.921;4.985;0.006;0.874;1;0.8;0.541;0.55;0.153;0.534;0.187;0.58;0.251;0.533;0.367;0.761;0.386;0.176;0.071;2.243;0.827;0.966
happy;0.065;0.537;6.668;122.192;1.92;-0.41;0.415;-0.102;0.255;-0.053;-0.146;-0.202;-0.213;-0.233;0.025;0.252;0.277;122.245;0.056;1908.482;0.031;0.102;7936.331;3.608;0.23;0.602;3677.868;3957.747;1.453;4.128;0.068;0.914;1;0.559;0.595;0.01;0.262;0.063;0.188;0.55;0.06;0.501;0.884;0.75;0.405;0.217;-0.178;1.922;0.795;0.967
happy;0.086;0.614;7.241;133.204;1.075;-0.089;0.415;0.163;0.374;0.073;0.088;-0.118;-0.02;0.042;0.01;0.049;0.058;416.606;0.101;2661.708;0.033;0.223;6038.591;2.74;0.375;0.663;3196.204;2601.511;0.858;2.968;0.013;0.913;0.605;0.238;0.456;0.502;0.634;0.835;1;0.637;0.461;0.921;0.832;0.819;0.348;0.174;0.025;2.243;0.851;0.966
happy;0.155;0.481;7.382;102.87;1.231;-0.166;0.58;-0.287;0.386;-0.157;0.032;0.158;-0.139;0.081;0.011;-0.019;-0.022;1639.517;-0.304;2364.027;0.026;0.156;6082.583;4.477;0.403;0.668;3241.032;2811.415;1.287;4.491;0.039;0.916;0.61;0.531;0.525;0.624;0.904;0.758;0.867;1;0.78;0.847;0.497;0.745;0.343;0.15;0.089;3.364;0.841;0.968
happy;0.282;0.517;5.832;146.351;1.78;-0.17;0.253;-0.074;-0.099;-0.079;-0.141;0.081;0.101;0.044;-0.132;-0.066;-0.082;3236.05;-0.264;1617.045;0.025;0.046;6505.025;4.243;0.576;0.558;3052.332;3145.186;1.363;4.254;0.063;0.911;0.197;0.023;0.239;0.016;0.208;0.03;0.03;0.292;0.183;1;0.17;0.186;0.295;0.153;0.113;0.641;0.761;0.969
happy;0.21;0.566;6.75;165.889;2.45;-0.262;0.641;-0.182;0.138;-0.078;0.137;0.147;-0.108;0.065;-0.196;-0.386;-0.084;830.228;0.282;1049.324;0.028;-0.021;5842.942;3.04;0.509;0.458;2718.996;3475.235;1.836;5.646;0.047;0.89;0.142;0.155;0.881;0.247;0.017;0.014;0.104;0.87;0.704;0.918;1;0.408;0.335;0.176;-0.126;1.682;0.798;0.97
happy;0.173;0.612;7.864;98.875;2.575;-0.022;0.303;0.198;0.193;0.032;-0.064;0.035;0.156;0.23;0.166;0.073;0.111;461.348;0.35;1004.217;0.03;0.111;4722.227;2.075;0.808;0.368;1996.294;2509.004;1.661;5.071;0.02;0.868;0.277;0.355;0.473;0.167;0.278;0.139;0.176;0.478;0.61;1;0.486;0.281;0.354;0.189;-0.042;1.682;0.803;0.973
happy;0.27;0.455;8.767;122.054;2.558;0.491;0.913;0.234;-0.011;-0.173;0.062;-0.005;-0.124;-0.25;0.208;-0.067;0.059;1416.836;-0.057;1189.739;0.022;0.052;9069.979;4.744;0.309;0.461;3208.703;4078.109;1.407;3.74;0.068;0.891;0.298;0.759;0.176;0.138;0.172;0.08;0.549;0.369;0.599;0.894;0.44;1;0.357;0.191;-0.089;2.243;0.802;0.963
happy;0.136;0.623;7.027;127.447;1.418;-0.32;0.248;-0.034;0.244;0.087;0.157;0.316;-0.037;0.005;-0.002;-0.012;0.095;891.42;0.001;2509.138;0.026;-0.051;6432.96;3.274;0.373;0.639;3185.191;2777.493;1.065;3.357;0.03;0.915;0.189;0.095;0.578;0.359;0.064;0.279;0.531;0.604;1;0.628;0.145;0.375;0.29;0.132;0.038;0.792;0.847;0.966
happy;0.162;0.532;6.451;107.845;1.571;0.073;0.354;0.074;0.069;-0.138;-0.054;0.033;-0.093;0.131;0.148;0.129;0.112;854.994;0.135;2139.093;0.027;0.026;9771.027;3.475;0.562;0.615;4147.88;4063.239;0.821;2.352;0.043;0.923;0.458;0.468;0.338;0.185;0.197;0.014;0.261;0.197;0.509;0.608;0.39;1;0.345;0.165;-0.167;1.922;0.824;0.972
happy;0.065;0.512;17.32;187.701;3.364;-0.87;1.301;-0.052;-0.069;0.359;-0.07;0.728;-0.573;0.407;-0.366;-0.125;-0.058;115.269;-0.102;1022.217;0.024;0.117;7589.613;3.575;0.256;0.448;2732.569;3560.454;1.589;4.321;0.053;0.883;0.142;0.003;0.825;0.198;0.051;0;0.171;0.499;0.038;1;0.675;0.021;0.318;0.153;-0.116;2.243;0.818;0.969
happy;0.09;0.541;7.73;128.829;2.484;-0.537;0.435;0.123;0.244;0.013;-0.024;-0.168;-0.019;0.118;0.079;0.111;0.038;247.138;0.146;1159.768;0.03;0.175;4064.75;4.176;0.276;0.442;2141.69;2412.941;2.084;7.69;0.029;0.883;0.943;0.122;0.39;0.051;0.47;0.674;0.795;1;0.036;0.243;0.796;0.609;0.401;0.168;-0.052;2.691;0.856;0.968
happy;0.122;0.534;6.952;116.554;1.282;-0.253;0.266;-0.072;0.235;-0.144;0.194;0.334;-0.009;-0.018;-0.122;-0.137;0.007;1056.306;0.268;2449.595;0.028;-0.019;6444.19;3.976;0.46;0.654;3291.034;2856.508;1.111;3.595;0.026;0.917;0.45;0.077;0.087;0.105;0.339;0.717;0.418;0.311;0.491;0.83;1;0.859;0.307;0.154;-0.015;1.495;0.804;0.965
happy;0.084;0.598;7.982;140.412;1.317;-0.203;0.347;0.078;0.322;0.038;0.165;0.025;0.048;0.051;0.078;-0.008;0.054;369.771;-0.048;2374.201;0.034;-0.026;6012.117;3.375;0.346;0.637;3179.417;2855.827;1.259;4.278;0.037;0.914;0.118;0.082;0.132;0.286;0.093;0.986;0.414;0.274;0.452;1;0.856;0.757;0.349;0.22;-0.079;0.841;0.834;0.969
happy;0.106;0.571;7.245;131.417;1.548;-0.375;0.633;-0.27;0.383;0.044;-0.067;0.277;-0.113;0.17;0.049;-0.048;0.081;444.239;-0.047;2115.316;0.04;-0.091;5299.292;2.639;0.322;0.617;2848.787;2584.316;1.463;5.138;0.031;0.905;0.135;0.158;0.377;0.335;0.233;0.25;0.357;0.655;1;0.826;0.138;0.163;0.331;0.172;0.097;2.243;0.805;0.969
happy;0.078;0.614;6.699;106.611;1.384;0.109;0.34;-0.284;0.254;-0.123;0.09;-0.005;-0.092;0.174;0.255;-0.054;0.316;148.774;0.12;1944.963;0.033;0.085;6792.927;3.308;0.423;0.617;3280.46;3017.21;1.031;3.261;0.024;0.911;0.552;0.628;0.933;0.453;0.473;0.12;0.429;0.347;0.438;0.919;0.613;1;0.35;0.166;0.036;1.223;0.816;0.968
happy;0.11;0.449;16.172;51.957;1.995;-0.384;0.104;0.128;0.453;0.14;0.232;-0.117;-0.191;-0.2;-0.257;-0.122;-0.215;319.039;-0.449;1413.374;0.025;0.209;5120.528;4.778;0.113;0.502;2507.436;2500.062;1.455;4.562;0.017;0.889;0.134;0.2;0.523;0.407;0.209;0.152;0.775;1;0.105;0.506;0.269;0.378;0.369;0.175;-0.095;3.364;0.828;0.964
happy;0.149;0.564;7.667;132.088;1.86;0.651;0.5;0.004;0.143;-0.185;-0.032;0.09;0.143;0.082;0.106;0.037;-0.043;400.77;0.042;1783.291;0.023;0.106;10050.307;3.046;0.476;0.542;4045.517;4505.061;1.028;2.797;0.075;0.912;0.905;0.823;0.411;0.473;0.77;1;0.278;0.65;0.938;0.455;0.665;0.325;0.351;0.197;-0.007;0.561;0.819;0.964
happy;0.121;0.565;9.218;127.716;1.704;-0.016;0.417;0.091;0.157;-0.144;-0.12;0.033;-0.066;0.235;0.022;0.009;0.009;511.221;-0.114;2245.658;0.024;-0.042;9805.935;3.742;0.496;0.632;4340.415;4199.442;0.87;2.497;0.053;0.932;0.845;0.605;0.554;0.928;0.484;0.969;0.52;1;0.515;0.299;0.432;0.386;0.323;0.144;0.168;2.691;0.865;0.97
happy;0.071;0.502;5.093;132.226;1.661;-0.269;0.503;-0.277;-0.033;-0.275;0.21;0.007;-0.059;-0.077;-0.044;-0.257;-0.361;220.082;0.139;1646.167;0.021;-0.032;5049.725;4.732;0.194;0.581;2739.132;2687.634;1.671;5.96;0.04;0.9;0.037;0.072;0.502;0.063;0.505;0.117;0.54;0.503;0.072;1;0.054;0.271;0.314;0.158;0.038;1.495;0.799;0.97
happy;0.289;0.482;7.332;139.981;2.413;0.299;0.018;-0.428;0.224;0.083;-0.095;0.097;0.06;0.268;0.227;0.125;0.14;1281.621;-0.028;1323.744;0.022;0.026;8444.443;5.546;0.633;0.483;3512.996;4088.419;1.295;3.57;0.082;0.909;0.453;0.425;0.479;0.704;0.469;1;0.24;0.469;0.33;0.248;0.939;0.145;0.345;0.154;-0.158;2.691;0.853;0.97
happy;0.258;0.594;9.083;123.99;1.362;0.207;0.364;0.123;0.052;-0.024;-0.001;0.161;0.156;0.082;0.027;-0.002;-0.088;1342.015;-0.201;2114.867;0.026;0.136;10957.33;3.341;0.649;0.674;5009.662;4623.561;0.737;2.362;0.209;0.937;0.665;0.281;0.1;0.384;0.135;1;0.095;0.121;0.398;0.433;0.848;0.24;0.34;0.166;0.014;2.691;0.812;0.965
happy;0.088;0.505;8.885;61.403;1.986;0.458;0.476;0.052;0.13;-0.169;-0.144;0.015;-0.074;-0.119;-0.104;0.065;-0.175;147.69;0.082;1961.964;0.028;0.084;9250.74;2.372;0.175;0.58;4004.818;4120.135;0.972;2.764;0.079;0.922;0.188;0.801;0.386;0.388;0.28;0.495;1;0.677;0.786;0.401;0.556;0.62;0.362;0.208;-0.007;1.121;0.757;0.966
happy;0.169;0.527;8.209;103.281;2.075;0.241;0.363;0.191;0.051;0.042;-0.005;0.161;0.106;-0.063;0.084;0.014;0.014;1005.287;0.14;1306.927;0.025;0.12;7530.67;3.775;0.2;0.521;3276.024;3704.042;1.301;3.753;0.054;0.909;0.489;0.075;0.301;0.028;0.437;0.115;0.007;0.095;0.134;1;0.331;0.542;0.329;0.152;-0.035;1.922;0.826;0.971
happy;0.107;0.607;6.177;100.29;1.505;0.031;0.406;0.274;0.229;0.206;0.039;-0.088;0.003;0.005;0.066;0.11;0.134;421.881;0.006;1744.872;0.021;0.034;7911.013;3.508;0.514;0.589;3536.832;3566.544;1.035;2.975;0.033;0.913;0.159;0.061;0.362;0.002;0.161;0;0.005;0.349;0.139;1;0.091;0.423;0.324;0.163;0.1;2.691;0.823;0.972
happy;0.106;0.53;7.375;125.978;2.182;-0.136;0.435;-0.008;0.326;0.011;-0.074;-0.003;-0.079;-0.017;-0.042;-0.148;-0.05;274.732;0.185;1445.544;0.025;0.008;7115.925;3.274;0.333;0.501;3196.533;3875.975;1.631;4.77;0.068;0.905;0.074;0.296;0.421;0.073;0.639;0.349;0.048;0.32;0.363;1;0.657;0.165;0.387;0.217;-0.13;2.243;0.806;0.967
happy;0.139;0.702;5.776;146.969;1.824;0.193;-0.05;0.397;0.019;0.143;0.16;0.354;0.279;0.042;0.121;0.094;0.126;315.597;0.083;1751.699;0.029;0.007;7735.845;3.341;0.478;0.54;3461.234;3718.719;1.099;3.247;0.056;0.908;0.855;0.1;0.356;0.318;0.058;0.485;0.285;0.908;0.983;0.766;1;0.431;0.343;0.157;0.02;2.691;0.832;0.967
happy;0.183;0.547;6.09;133.848;2.062;-0.671;0.223;-0.13;0.112;-0.089;-0.025;0.067;0.094;0.176;-0.007;-0.101;0.011;1154.732;0.142;1471.968;0.028;0.093;5965.013;4.544;0.321;0.522;2896.34;3271.697;1.752;5.471;0.046;0.903;0.079;0.074;0.145;0.068;0.804;0.065;0.089;0.215;0.074;1;0.229;0.426;0.346;0.17;-0.039;1.223;0.803;0.97
happy;0.211;0.573;8.662;129.953;1.628;0.482;0.226;-0.036;-0.117;-0.115;0.003;0.066;0.008;-0.02;-0.05;0.014;-0.063;682.893;-0.184;1748.352;0.029;0.15;9933.725;3.308;0.717;0.619;4518.824;4316.074;0.719;2.31;0.136;0.925;0.211;0.491;0.187;0.684;0.277;0.071;0.27;0.276;1;0.281;0.15;0.392;0.285;0.136;0.006;2.243;0.827;0.965
happy;0.067;0.503;5.682;127.108;0.658;0.446;0.429;-0.018;0.128;-0.194;0.335;0.096;0.355;0.176;0.11;0.118;-0.007;274.847;-0.195;2787.736;0.033;0.201;6367.33;4.176;0.426;0.707;3425.745;2487.98;0.39;2.251;0.012;0.908;0.582;0.562;0.656;0.574;0.361;0.548;0.122;0.914;1;0.393;0.247;0.04;0.368;0.185;0.055;2.691;0.831;0.97
happy;0.098;0.569;7.507;87.626;2.459;-0.586;0.434;0.142;0.227;0.013;-0.087;-0.106;-0.182;0.003;-0.019;-0.106;-0.104;277.225;0.068;1220.626;0.026;0.018;4093.979;3.542;0.316;0.461;2200.261;2411.622;1.994;7.122;0.028;0.885;0.582;1;0.155;0.131;0.379;0.994;0.499;0.154;0.72;0.541;0.114;0.317;0.412;0.196;0.096;2.691;0.824;0.968
happy;0.119;0.573;7.217;119.044;2.289;-0.79;0.62;0.205;-0.007;-0.252;-0.19;-0.163;-0.02;0.167;-0.015;0.09;0.228;372.237;0.244;1319.764;0.026;0.015;4182.656;3.074;0.277;0.509;2331.276;2539.034;2.035;7.19;0.027;0.89;1;0.034;0.027;0.011;0.209;0.279;0.312;0.485;0.048;0.242;0.537;0.532;0.371;0.187;0.048;2.243;0.812;0.967
happy;0.146;0.54;7.736;183.271;2.045;-0.137;0.34;0.022;0.128;0.024;0.135;0.028;0.208;0.136;0.186;-0.072;0.028;484.149;0.066;1454.934;0.029;0.054;7591.169;4.511;0.355;0.534;3296.807;3728.694;1.398;3.968;0.047;0.909;0.761;0.248;0.609;0.195;0.481;0.685;0.25;1;0.821;0.93;0.563;0.696;0.387;0.148;-0.006;2.691;0.871;0.969
happy;0.125;0.519;7.091;114.608;1.321;-0.336;0.529;-0.233;0.407;-0.062;0.022;0.23;-0.117;-0.103;-0.033;-0.209;-0.005;787.298;0.292;2225.4;0.028;0.052;6191.195;3.855;0.411;0.657;3233.357;2891.179;1.359;4.58;0.036;0.912;0.871;0.327;0.236;0.146;1;0.556;0.488;0.177;0.492;0.448;0.031;0.997;0.405;0.191;-0.019;1.922;0.818;0.969
happy;0.037;0.527;7.515;152.178;1.908;-0.213;0.217;0.041;0.246;-0.012;0.011;-0.115;-0.023;-0.096;0.231;0.077;0.142;38.261;0.108;1516.925;0.025;0.109;6175.992;5.279;0.505;0.544;3028.861;3246.352;1.585;5.1;0.068;0.909;1;0.31;0.523;0.193;0.654;0.509;0.237;0.356;0.319;0.747;0.75;0.359;0.289;0.124;-0.031;3.364;0.844;0.969
happy;0.098;0.578;6.436;126.436;2.28;0.31;0.258;-0.026;0.033;-0.039;-0.013;-0.009;0.225;0.033;0.226;0.069;0.083;245.307;0.205;1265.234;0.024;-0.129;7260.412;4.511;0.619;0.48;3086.883;3644.483;1.445;4.217;0.058;0.902;1;0.476;0.221;0.116;0.434;0.762;0.222;0.512;0.542;0.387;0.794;0.406;0.353;0.159;0.009;1.682;0.821;0.969
happy;0.157;0.539;6.693;100.931;2.514;0.339;0.142;-0.241;0.071;0.596;0.3;-0.02;-0.167;-0.179;0.087;0.099;0.155;548.053;0.054;1116.144;0.022;-0.029;8038.95;3.842;0.48;0.45;3181.696;3850.465;1.319;3.49;0.048;0.896;0.816;0.332;0.11;0.308;0.088;0.25;0.018;0.151;0.29;0.195;1;0.265;0.326;0.167;0.079;1.121;0.81;0.969
happy;0.148;0.563;5.753;126.104;1.422;0.239;0.343;0.216;0.165;0.092;0.082;0.022;0.069;0.064;0.102;0.056;0.111;848.058;0.112;1805.914;0.025;-0.119;8564.18;3.475;0.629;0.625;3974.108;3800.34;0.887;2.707;0.053;0.923;0.701;0.408;0.236;0.509;0.088;1;0.482;0.486;0.523;0.731;0.998;0.305;0.332;0.166;0.019;1.035;0.833;0.968
happy;0.213;0.489;6.601;99.928;1.958;0.373;0.259;-0.185;0.202;0.244;0.089;0.053;-0.009;-0.1;0.066;0.09;-0.082;1255.435;0.084;1714.085;0.021;0.019;8777.114;5.079;0.492;0.568;3920.096;4057.873;1.017;2.967;0.096;0.919;0.866;0.156;0.264;0.602;0.268;0.348;0.178;0.324;0.683;0.539;1;0.635;0.303;0.13;-0.055;3.364;0.843;0.968
happy;0.089;0.609;5.541;123.717;1.573;-0.276;0.382;-0.191;0.203;-0.164;-0.043;-0.005;0.054;-0.079;0.19;0.161;-0.009;218.001;0.133;1568.742;0.03;-0.026;5047.77;3.508;0.549;0.54;2616.073;2755.677;1.633;5.723;0.04;0.896;1;0.57;0.316;0.213;0.128;0.106;0.04;0.11;0.344;0.319;0.778;0.657;0.275;0.124;-0.035;1.035;0.861;0.967
happy;0.134;0.504;7.431;101.493;1.718;-0.364;0.269;-0.194;0.028;0.101;-0.142;0.055;-0.196;-0.153;0.043;0.052;0.042;929.317;0.096;1945.363;0.028;0.036;6244.65;4.043;0.485;0.594;3022.213;2882.685;1.387;4.468;0.038;0.91;0.112;0.142;0.084;0.046;0.35;0.059;0.088;0.447;0.299;1;0.035;0.126;0.317;0.166;0.061;1.682;0.835;0.968
happy;0.253;0.512;7.062;118.032;2.507;-0.275;0.263;-0.272;0.139;-0.033;-0.424;-0.194;-0.046;0.133;0.167;0.212;0.234;953.01;0.032;1091.001;0.029;0.17;5176.801;3.207;0.528;0.428;2548.423;3216.521;2.054;6.877;0.053;0.89;0.445;0.073;0.122;0.569;0.962;0.039;0.094;0.154;0.213;0.313;0.268;1;0.322;0.16;-0.006;1.682;0.805;0.97
happy;0.228;0.567;6.478;114.844;1.592;0.159;0.321;-0.162;0.313;0.123;-0.149;-0.015;0.145;0.228;0.2;0.048;0.023;2126.908;0.068;1699.449;0.025;0.171;8473.736;4.544;0.363;0.578;3629.726;3682.561;1.044;3.114;0.078;0.919;0.908;0.517;0.892;0.257;0.241;0.503;0.357;0.886;0.7;0.815;1;0.628;0.335;0.14;0.063;3.364;0.867;0.967
happy;0.225;0.523;5.862;104.126;2.61;-0.033;0.221;-0.158;0.194;0.184;-0.137;-0.007;-0.144;-0.048;0.04;-0.082;-0.066;1604.2;0.189;1038.019;0.019;0.011;5679.277;4.511;0.21;0.432;2535.462;3026.62;1.764;5.623;0.042;0.889;0.197;0.791;0.015;0.004;0.146;0.142;0.031;0.165;0.677;1;0.083;0.017;0.329;0.17;0.057;1.922;0.831;0.966
happy;0.122;0.527;7.185;134.473;1.709;-0.579;0.443;-0.165;-0.054;0.019;-0.114;0.323;0.27;0.039;0.026;-0.108;0.064;665.377;0.183;2040.122;0.029;-0.224;5614.383;2.873;0.294;0.604;2846.612;2692.189;1.556;5.217;0.031;0.906;0.174;0.088;0.249;0.395;0.431;0.387;0.412;0.662;1;0.735;0.344;0.383;0.354;0.194;-0.041;1.922;0.794;0.965
happy;0.07;0.703;7.986;105.143;2.113;0.284;0.186;0.069;0.31;0.158;0.169;-0.074;-0.289;-0.209;0.116;0.155;0.005;44.168;-0.07;1589.222;0.022;0.222;7313.971;1.704;0.306;0.489;3152.656;3696.36;1.422;4.194;0.076;0.901;1;0.636;0.48;0.28;0.221;0.025;0.062;0.142;0.241;0.513;0.525;0.776;0.358;0.207;-0.023;0.434;0.816;0.969
happy;0.2;0.592;7.152;100.007;1.657;-0.197;0.019;0.132;-0.064;0.066;0.174;-0.017;0.125;0.048;0.04;-0.031;0.058;613.673;0.105;1413.408;0.024;-0.213;8044.376;3.174;0.568;0.575;3575.452;3709.522;1.129;3.295;0.057;0.913;0.374;0.377;0.932;0.361;0.499;0.17;0.237;0.47;0.665;1;0.529;0.789;0.386;0.207;-0.165;1.682;0.789;0.971
happy;0.143;0.576;6.187;119.189;2.152;0.262;-0.009;0.254;0.541;-0.088;0.32;0.165;0.098;-0.059;0.001;0.012;-0.136;242.328;-0.06;1037.652;0.033;0.187;5397.432;1.804;0.293;0.458;2620.086;3099.846;1.802;6.167;0.052;0.886;1;0.004;0.083;0.001;0.173;0.049;0.006;0.092;0.007;0.024;0.025;0.512;0.442;0.215;0.046;1.922;0.851;0.968
happy;0.077;0.552;7.346;189.398;2.332;0.214;0.324;0.19;0.076;0.083;0.183;0.062;0.029;0.061;0.062;-0.007;-0.002;226.424;0.064;1425.525;0.027;0.027;6821.609;4.533;0.546;0.478;2965.568;3525.748;1.514;4.507;0.062;0.903;0.541;0.741;0.937;0.379;1;0.761;0.345;0.692;0.649;0.996;0.902;0.439;0.333;0.153;-0.002;1.346;0.818;0.971
happy;0.183;0.573;8.07;105.21;2.238;-0.168;0.409;0.187;0.288;0.193;0.013;0.078;-0.137;0.025;-0.016;-0.047;-0.019;670.481;-0.048;1292.191;0.029;0.074;8070.451;3.207;0.548;0.483;3121.457;3747.178;1.31;3.511;0.051;0.898;0.283;0.295;0.712;0.213;0.401;0.425;0.141;0.626;0.609;1;0.754;0.324;0.372;0.16;-0.04;1.682;0.859;0.967
happy;0.231;0.554;5.705;138.937;2.524;0.467;0.288;-0.257;0.146;-0.003;-0.174;-0.07;-0.015;0.115;0.17;-0.015;0.081;1127.011;0.269;1271.494;0.024;0.042;5495.004;3.608;0.283;0.399;2364.88;2875.873;1.56;4.575;0.024;0.884;0.192;1;0.192;0.31;0.277;0.144;0.437;0.22;0.587;0.266;0.338;0.477;0.336;0.184;-0.154;1.922;0.801;0.968
happy;0.165;0.534;5.742;139.218;1.518;-0.281;0.59;-0.112;0.476;-0.43;0.073;0.252;-0.055;0.114;-0.014;0.188;-0.034;963.344;-0.044;1704.911;0.022;-0.039;4764.789;4.11;0.325;0.585;2681.831;2605.702;1.601;5.953;0.03;0.898;0.153;0.224;0.52;0.119;0.63;0.236;0.499;0.259;0.293;0.578;0.185;1;0.331;0.167;-0.015;3.364;0.808;0.97
happy;0.189;0.574;8.899;93.439;3.008;-0.364;0.174;-0.348;0.468;-0.238;0.049;0.269;0.211;0.174;-0.089;-0.059;-0.058;1072.542;0.081;1174.055;0.028;0.197;4366.235;3.508;0.305;0.377;2309.62;3026.367;2.11;7.004;0.042;0.885;0.458;0.245;0.175;0.611;0.532;0.803;0.729;0.489;0.355;0.228;0.76;1;0.349;0.147;0.049;2.691;0.843;0.967
happy;0.158;0.531;9.462;108.272;2.166;-0.336;0.82;-0.279;0.194;-0.151;-0.423;0.277;-0.025;0.091;0.29;0.314;0.112;572.338;-0.119;1574.753;0.034;0.11;5915.953;2.773;0.45;0.541;2867.187;3179.629;1.687;5.268;0.052;0.902;0.248;0.827;0.402;0.391;0.68;0.176;0.324;0.027;0.245;0.598;1;0.603;0.372;0.189;-0.023;0.897;0.804;0.969
happy;0.265;0.547;7.103;112.013;2.121;0.23;0.234;0.173;0.072;0.004;0.051;0.047;-0.054;0.02;0.23;0.131;0.065;1540.367;0.04;1365.237;0.028;-0.107;10704.273;5.045;0.655;0.568;4409.05;4721.479;0.932;2.518;0.15;0.919;0.337;0.293;0.317;0.201;0.235;0.146;0.038;0.322;0.188;1;0.604;0.326;0.308;0.128;-0.022;3.364;0.87;0.966
happy;0.237;0.473;7.17;144.314;2.05;-0.162;0.32;-0.002;0.008;-0.051;-0.066;0.006;-0.013;-0.051;-0.034;-0.031;-0.113;2234.113;-0.139;1437.961;0.023;-0.106;6656.515;4.004;0.519;0.527;3005.502;3306.333;1.458;4.407;0.064;0.91;0.035;0.02;0.185;0.023;0.396;0.07;0.013;0.186;0.042;1;0.324;0.092;0.31;0.164;-0.214;0.841;0.766;0.968
happy;0.299;0.559;8.023;109.1;1.724;-0.278;0.207;-0.125;0.01;-0.411;-0.141;-0.055;-0.035;-0.251;-0.151;0.066;0.277;1704.497;0.005;1517.991;0.025;0.016;4874.095;4.11;0.254;0.54;2433.015;2202.58;1.28;4.448;0.02;0.887;0.298;0;0.022;0.002;0.203;0.093;1;0.353;0.069;0.457;0.099;0.46;0.445;0.227;0.029;2.243;0.813;0.966
happy;0.12;0.526;16.531;127.988;2.29;-0.638;0.325;-0.001;0.243;0.041;-0.123;-0.129;-0.133;0.154;-0.02;0.039;0.043;464.729;0.155;1239.009;0.023;0.059;3984.147;3.876;0.242;0.469;2141.362;2150.569;1.749;6.125;0.019;0.885;0.821;0.145;0.12;0.034;0.578;0.886;0.448;1;0.124;0.556;0.895;0.315;0.441;0.181;0.014;2.691;0.859;0.968
happy;0.143;0.583;7.55;98.375;1.758;-0.024;0.224;-0.114;0.272;-0.123;-0.178;-0.06;-0.217;0.147;0.218;0.21;0.156;957.68;0.174;2155.528;0.036;0.096;8845.688;3.207;0.189;0.628;4071.332;3814.093;0.91;2.764;0.061;0.929;0.336;0.52;0.608;0.677;1;0.214;0.23;0.013;0.399;0.383;0.081;0.788;0.425;0.213;-0.058;1.922;0.813;0.968
happy;0.128;0.483;7.538;86.957;1.672;0.242;0.317;0.212;0.2;0.228;0.15;0.041;0.147;0.108;0.067;0.014;-0.045;547.723;-0.141;1514.61;0.022;0.136;8655.443;2.807;0.386;0.574;3799.638;3955.448;1.016;2.96;0.072;0.919;0.017;0.318;0.234;0.878;0.266;0.082;0.155;0.124;1;0.288;0.123;0.021;0.342;0.167;0.026;0.538;0.825;0.964
happy;0.152;0.58;8.058;155.312;1.666;0.069;0.165;-0.374;0.356;-0.213;0.017;0.37;0.04;-0.109;-0.204;-0.173;-0.024;517.942;-0.078;2016.944;0.03;0.072;10106.432;4.511;0.37;0.607;4222.237;4459.491;1.192;3.227;0.073;0.923;0.51;0.229;0.815;0.059;0.288;0.557;0.861;1;0.692;0.97;0.166;0.244;0.342;0.158;-0.065;3.364;0.841;0.971
happy;0.102;0.613;7.041;77.958;1.525;-0.51;0.249;-0.287;0.087;-0.196;-0.22;0.055;-0.056;0.058;0.019;-0.025;-0.034;420.395;0.367;2259.311;0.038;-0.036;7830.432;2.038;0.183;0.647;3764.615;3757.705;1.438;4.265;0.067;0.923;0.952;0.37;0.097;0.339;0.686;0.203;1;0.587;0.081;0.17;0.181;0.882;0.356;0.183;0.029;1.922;0.796;0.968
happy;0.161;0.589;7.189;167.415;2.763;0.237;0.626;0.372;0.051;-0.231;-0.261;0.094;-0.137;-0.167;0.002;0.22;0.148;476.697;0.001;1310.473;0.033;-0.043;10309.988;2.84;0.157;0.51;3897.973;4516.26;1.083;2.762;0.06;0.909;0.27;1;0.514;0.136;0.406;0.068;0.66;0.234;0.479;0.664;0.404;0.926;0.381;0.194;-0.168;3.364;0.837;0.97
happy;0.169;0.518;4.918;101.964;1.479;-0.18;0.5;0.03;0.257;-0.05;0.073;0.072;-0.041;-0.199;0.139;0.068;0.016;1436.733;0.03;1814.089;0.021;0.1;6301.932;6.682;0.55;0.61;3223.087;3266.477;1.487;4.747;0.042;0.913;0.338;0.8;0.132;0.038;0.124;0.054;0.418;0;0.209;0.002;0.118;1;0.353;0.144;-0.042;1.682;0.862;0.968
happy;0.082;0.602;9.634;133.372;1.731;0.289;-0.099;-0.308;0.011;-0.016;0.07;0.019;0.002;0.076;0.164;0.053;0.077;166.095;0.003;2084.779;0.027;0.077;9152.873;3.308;0.378;0.61;4213.721;4115.532;0.98;2.953;0.081;0.93;0.155;0.055;0.602;0.02;0.473;0.105;0.122;1;0.689;0.436;0.46;0.347;0.348;0.163;0.074;3.364;0.828;0.965
happy;0.104;0.552;6.996;129.252;2.234;-0.119;0.154;-0.299;0.148;0.115;0.183;0.143;-0.088;0.092;-0.048;-0.032;-0.178;325.112;0.314;1492.515;0.026;-0.156;6346.743;3.943;0.255;0.504;3042.874;3551.653;1.802;5.766;0.029;0.902;0.211;0.189;0.626;0.079;0.937;1;0.202;0.755;0.234;0.999;0.586;0.729;0.376;0.166;-0.146;2.243;0.833;0.966
happy;0.051;0.605;6.38;158.544;1.171;-0.219;0.124;-0.075;0.247;-0.033;-0.075;-0.037;0.104;-0.02;-0.07;-0.214;-0.174;91.937;0.253;2228.641;0.028;0.044;6515.623;1.971;0.185;0.659;3303.604;2648.293;0.846;2.849;0.019;0.913;0.849;0.963;0.503;0.103;0.978;0.113;1;0.288;0.45;0.27;0.071;0.384;0.365;0.186;-0.059;1.682;0.797;0.968
happy;0.103;0.506;7.482;142.435;2.402;-0.768;0.327;0.019;0.235;-0.054;-0.265;-0.138;-0.111;0.243;0.134;0.079;0.079;338.026;0.126;1310.84;0.028;0.064;3941.733;3.408;0.256;0.465;2214.206;2409.276;2.107;7.8;0.027;0.886;1;0.044;0.921;0.063;0.041;0.056;0.119;0.102;0.004;0.18;0.641;0.336;0.372;0.181;0.054;1.922;0.818;0.967
happy;0.117;0.546;16.487;104.651;2.438;-0.684;0.496;-0.11;-0.019;-0.157;-0.009;0.205;0.191;-0.121;-0.233;0.023;0.116;386.45;-0.006;1212.784;0.028;-0.052;3873.916;3.876;0.331;0.479;2155.522;2399.396;2.284;9.076;0.03;0.88;0.485;1;0.034;0.007;0.184;0.302;0.108;0.429;0.002;0.159;0.001;0.082;0.395;0.177;-0.053;2.691;0.831;0.97
happy;0.117;0.546;16.487;104.651;2.438;-0.684;0.496;-0.11;-0.019;-0.157;-0.009;0.205;0.191;-0.121;-0.233;0.023;0.116;386.45;-0.006;1212.784;0.028;-0.052;3873.916;3.876;0.331;0.479;2155.522;2399.396;2.284;9.076;0.03;0.88;0.485;1;0.034;0.007;0.184;0.302;0.108;0.429;0.002;0.159;0.001;0.082;0.395;0.177;-0.053;2.691;0.831;0.97
happy;0.133;0.571;6.358;159.012;2.31;-0.728;0.431;-0.055;0.172;-0.122;-0.133;0.022;0.273;0.136;-0.07;-0.07;-0.057;365.785;0.03;1258.257;0.032;0.02;4016.468;2.94;0.279;0.475;2201.015;2379.826;2.098;7.912;0.023;0.883;0.236;1;0.042;0;0.067;0.033;0.021;0.198;0;0.015;0;0.036;0.418;0.21;-0.006;1.223;0.794;0.969
happy;0.143;0.505;6.927;58.131;1.964;-0.512;0.378;0.051;0.047;-0.232;0.056;0.116;0.04;0.045;0.021;-0.217;-0.214;662.67;0.06;1517.491;0.022;0.081;6380.263;3.775;0.114;0.572;3040.261;3235.133;1.631;5.17;0.052;0.91;0.008;0.136;0.43;0.034;0.163;0.102;0.145;0.172;0.028;1;0.174;0.023;0.345;0.183;0.007;1.121;0.787;0.969
happy;0.143;0.505;6.927;58.131;1.964;-0.512;0.378;0.051;0.047;-0.232;0.056;0.116;0.04;0.045;0.021;-0.217;-0.214;662.67;0.06;1517.491;0.022;0.081;6380.263;3.775;0.114;0.572;3040.261;3235.133;1.631;5.17;0.052;0.91;0.008;0.136;0.43;0.034;0.163;0.102;0.145;0.172;0.028;1;0.174;0.023;0.345;0.183;0.007;1.121;0.787;0.969
happy;0.127;0.546;17.793;101.164;2.324;-0.783;0.476;0.249;0.16;-0.062;-0.03;-0.107;-0.122;0.049;0.122;0.173;0.096;487.81;0.255;1196.916;0.027;0.028;3840.249;3.575;0.262;0.49;2083.779;2089.399;1.837;6.565;0.017;0.882;0.971;0.073;0.291;0.017;0.068;0.331;0.46;0.714;0.043;0.4;0.801;1;0.371;0.164;0.006;2.243;0.844;0.965
happy;0.124;0.574;7.323;100.061;2.182;0.244;0.374;-0.113;0.133;0.134;0.08;0.139;0.175;0.077;0.19;0.157;0.047;445.17;0.069;799.282;0.036;0.018;6044.353;2.339;0.242;0.444;2582.789;3137.772;1.528;4.614;0.039;0.885;0.291;0.013;0.14;0.001;0.09;0.001;0;0.061;0.018;1;0.01;0.015;0.342;0.196;0.064;1.922;0.769;0.97
happy;0.07;0.591;6.078;142.001;1.242;0.142;0.006;0.101;0.034;0.211;0.207;-0.118;-0.012;0.091;0.064;0.138;0.172;227.615;0.114;3147.907;0.027;-0.062;10638.349;3.842;0.479;0.706;5054.244;4294.267;0.666;2.301;0.092;0.942;0.135;0.83;0.128;0.665;0.396;0.086;0.415;0.023;0.732;1;0.269;0.625;0.368;0.184;0.076;1.682;0.823;0.969
happy;0.147;0.532;6.881;129.671;1.89;-0.554;0.458;0.049;0.087;-0.081;0;-0.186;-0.173;0.025;0.097;0.172;0.205;761.277;-0.03;1520.105;0.022;0.172;4888.416;3.842;0.34;0.553;2511.666;2395.016;1.492;4.943;0.027;0.894;1;0.059;0.365;0.08;0.061;0.033;0.194;0.521;0.058;0.358;0.375;0.182;0.386;0.205;-0.201;2.243;0.818;0.963
happy;0.131;0.542;7.565;168.861;2.488;-0.023;0.512;0.043;0.247;-0.041;-0.177;-0.043;-0.148;0.108;0.018;0.012;-0.051;347.14;-0.031;1157.171;0.025;0.117;6721.745;3.709;0.121;0.459;2858.739;3490.401;1.596;4.648;0.045;0.897;0.653;1;0.657;0.626;0.694;0.324;0.681;0.075;0.16;0.214;0.299;0.988;0.354;0.171;-0.086;1.922;0.807;0.967
happy;0.22;0.637;7.622;187.45;1.961;0.332;0.374;0.16;-0.021;0.257;0.16;-0.074;-0.028;0.044;0.068;0.05;0.128;936.505;0.077;1246.268;0.023;-0.038;10199;3.241;0.73;0.561;4166.068;4555.902;1.041;2.844;0.128;0.913;0.517;0.277;0.423;0.183;0.271;0.54;0.096;0.745;0.515;1;0.702;0.459;0.356;0.162;-0.049;1.682;0.846;0.963
happy;0.153;0.585;8.114;120.08;1.188;-2.033;0.72;0.094;-0.145;-0.126;0.17;-0.211;0.184;-0.085;0.104;0.319;0.092;707.551;-0.004;1810.359;0.029;0.194;6048.643;3.742;0.593;0.709;3288.4;3520.123;1.817;5.303;0.044;0.899;0.541;0.723;0.092;0.231;0.688;0.087;0.112;0.457;0.688;0.461;1;0.192;0.488;0.267;-0.139;2.243;0.789;0.968
